2026-02-26T20:35:24.088+0300 [DEBUG] [org.gradle.launcher.daemon.bootstrap.DaemonMain] Assuming the daemon was started with following jvm opts: [-Xmx2048m, -Dfile.encoding=UTF-8, -Duser.country=RU, -Duser.language=ru, -Duser.variant]
2026-02-26T20:35:24.289+0300 [DEBUG] [org.gradle.internal.remote.internal.inet.InetAddresses] Adding IP addresses for network interface Realtek PCIe GbE Family Controller-WFP Native MAC Layer LightWeight Filter-0000
2026-02-26T20:35:24.290+0300 [DEBUG] [org.gradle.internal.remote.internal.inet.InetAddresses] Is this a loopback interface? false
2026-02-26T20:35:24.290+0300 [DEBUG] [org.gradle.internal.remote.internal.inet.InetAddresses] Adding IP addresses for network interface Realtek PCIe GbE Family Controller-QoS Packet Scheduler-0000
2026-02-26T20:35:24.291+0300 [DEBUG] [org.gradle.internal.remote.internal.inet.InetAddresses] Is this a loopback interface? false
2026-02-26T20:35:24.291+0300 [DEBUG] [org.gradle.internal.remote.internal.inet.InetAddresses] Adding IP addresses for network interface Realtek PCIe GbE Family Controller-WFP 802.3 MAC Layer LightWeight Filter-0000
2026-02-26T20:35:24.292+0300 [DEBUG] [org.gradle.internal.remote.internal.inet.InetAddresses] Is this a loopback interface? false
2026-02-26T20:35:24.292+0300 [DEBUG] [org.gradle.internal.remote.internal.inet.InetAddresses] Adding IP addresses for network interface WAN Miniport (IP)-WFP Native MAC Layer LightWeight Filter-0000
2026-02-26T20:35:24.293+0300 [DEBUG] [org.gradle.internal.remote.internal.inet.InetAddresses] Is this a loopback interface? false
2026-02-26T20:35:24.293+0300 [DEBUG] [org.gradle.internal.remote.internal.inet.InetAddresses] Adding IP addresses for network interface WAN Miniport (IP)-QoS Packet Scheduler-0000
2026-02-26T20:35:24.294+0300 [DEBUG] [org.gradle.internal.remote.internal.inet.InetAddresses] Is this a loopback interface? false
2026-02-26T20:35:24.294+0300 [DEBUG] [org.gradle.internal.remote.internal.inet.InetAddresses] Adding IP addresses for network interface WAN Miniport (IPv6)-WFP Native MAC Layer LightWeight Filter-0000
2026-02-26T20:35:24.294+0300 [DEBUG] [org.gradle.internal.remote.internal.inet.InetAddresses] Is this a loopback interface? false
2026-02-26T20:35:24.294+0300 [DEBUG] [org.gradle.internal.remote.internal.inet.InetAddresses] Adding IP addresses for network interface WAN Miniport (IPv6)-QoS Packet Scheduler-0000
2026-02-26T20:35:24.295+0300 [DEBUG] [org.gradle.internal.remote.internal.inet.InetAddresses] Is this a loopback interface? false
2026-02-26T20:35:24.295+0300 [DEBUG] [org.gradle.internal.remote.internal.inet.InetAddresses] Adding IP addresses for network interface WAN Miniport (Network Monitor)-WFP Native MAC Layer LightWeight Filter-0000
2026-02-26T20:35:24.296+0300 [DEBUG] [org.gradle.internal.remote.internal.inet.InetAddresses] Is this a loopback interface? false
2026-02-26T20:35:24.296+0300 [DEBUG] [org.gradle.internal.remote.internal.inet.InetAddresses] Adding IP addresses for network interface WAN Miniport (Network Monitor)-QoS Packet Scheduler-0000
2026-02-26T20:35:24.297+0300 [DEBUG] [org.gradle.internal.remote.internal.inet.InetAddresses] Is this a loopback interface? false
2026-02-26T20:35:24.297+0300 [DEBUG] [org.gradle.internal.remote.internal.inet.InetAddresses] Adding IP addresses for network interface Microsoft Kernel Debug Network Adapter
2026-02-26T20:35:24.297+0300 [DEBUG] [org.gradle.internal.remote.internal.inet.InetAddresses] Is this a loopback interface? false
2026-02-26T20:35:24.297+0300 [DEBUG] [org.gradle.internal.remote.internal.inet.InetAddresses] Adding IP addresses for network interface Realtek PCIe GbE Family Controller
2026-02-26T20:35:24.298+0300 [DEBUG] [org.gradle.internal.remote.internal.inet.InetAddresses] Is this a loopback interface? false
2026-02-26T20:35:24.299+0300 [DEBUG] [org.gradle.internal.remote.internal.inet.InetAddresses] Adding remote address /fe80:0:0:0:2047:b3fb:dcfe:1805%ethernet_32769
2026-02-26T20:35:24.299+0300 [DEBUG] [org.gradle.internal.remote.internal.inet.InetAddresses] Adding remote address /192.168.88.11
2026-02-26T20:35:24.300+0300 [DEBUG] [org.gradle.internal.remote.internal.inet.InetAddresses] Adding IP addresses for network interface WAN Miniport (IP)
2026-02-26T20:35:24.300+0300 [DEBUG] [org.gradle.internal.remote.internal.inet.InetAddresses] Is this a loopback interface? false
2026-02-26T20:35:24.300+0300 [DEBUG] [org.gradle.internal.remote.internal.inet.InetAddresses] Adding IP addresses for network interface WAN Miniport (IPv6)
2026-02-26T20:35:24.301+0300 [DEBUG] [org.gradle.internal.remote.internal.inet.InetAddresses] Is this a loopback interface? false
2026-02-26T20:35:24.301+0300 [DEBUG] [org.gradle.internal.remote.internal.inet.InetAddresses] Adding IP addresses for network interface WAN Miniport (Network Monitor)
2026-02-26T20:35:24.301+0300 [DEBUG] [org.gradle.internal.remote.internal.inet.InetAddresses] Is this a loopback interface? false
2026-02-26T20:35:24.301+0300 [DEBUG] [org.gradle.internal.remote.internal.inet.InetAddresses] Adding IP addresses for network interface WAN Miniport (PPPOE)
2026-02-26T20:35:24.301+0300 [DEBUG] [org.gradle.internal.remote.internal.inet.InetAddresses] Is this a loopback interface? false
2026-02-26T20:35:24.302+0300 [DEBUG] [org.gradle.internal.remote.internal.inet.InetAddresses] Adding IP addresses for network interface Software Loopback Interface 1
2026-02-26T20:35:24.302+0300 [DEBUG] [org.gradle.internal.remote.internal.inet.InetAddresses] Is this a loopback interface? true
2026-02-26T20:35:24.302+0300 [DEBUG] [org.gradle.internal.remote.internal.inet.InetAddresses] Adding loopback address /0:0:0:0:0:0:0:1
2026-02-26T20:35:24.302+0300 [DEBUG] [org.gradle.internal.remote.internal.inet.InetAddresses] Adding loopback address /127.0.0.1
2026-02-26T20:35:24.303+0300 [DEBUG] [org.gradle.internal.remote.internal.inet.InetAddresses] Adding IP addresses for network interface Microsoft Teredo Tunneling Adapter
2026-02-26T20:35:24.303+0300 [DEBUG] [org.gradle.internal.remote.internal.inet.InetAddresses] Is this a loopback interface? false
2026-02-26T20:35:24.303+0300 [DEBUG] [org.gradle.internal.remote.internal.inet.InetAddresses] Adding IP addresses for network interface Microsoft IP-HTTPS Platform Adapter
2026-02-26T20:35:24.304+0300 [DEBUG] [org.gradle.internal.remote.internal.inet.InetAddresses] Is this a loopback interface? false
2026-02-26T20:35:24.304+0300 [DEBUG] [org.gradle.internal.remote.internal.inet.InetAddresses] Adding IP addresses for network interface Microsoft 6to4 Adapter
2026-02-26T20:35:24.304+0300 [DEBUG] [org.gradle.internal.remote.internal.inet.InetAddresses] Is this a loopback interface? false
2026-02-26T20:35:24.304+0300 [DEBUG] [org.gradle.internal.remote.internal.inet.InetAddresses] Adding IP addresses for network interface WAN Miniport (SSTP)
2026-02-26T20:35:24.304+0300 [DEBUG] [org.gradle.internal.remote.internal.inet.InetAddresses] Is this a loopback interface? false
2026-02-26T20:35:24.305+0300 [DEBUG] [org.gradle.internal.remote.internal.inet.InetAddresses] Adding IP addresses for network interface WAN Miniport (IKEv2)
2026-02-26T20:35:24.305+0300 [DEBUG] [org.gradle.internal.remote.internal.inet.InetAddresses] Is this a loopback interface? false
2026-02-26T20:35:24.305+0300 [DEBUG] [org.gradle.internal.remote.internal.inet.InetAddresses] Adding IP addresses for network interface WAN Miniport (L2TP)
2026-02-26T20:35:24.306+0300 [DEBUG] [org.gradle.internal.remote.internal.inet.InetAddresses] Is this a loopback interface? false
2026-02-26T20:35:24.306+0300 [DEBUG] [org.gradle.internal.remote.internal.inet.InetAddresses] Adding IP addresses for network interface WAN Miniport (PPTP)
2026-02-26T20:35:24.307+0300 [DEBUG] [org.gradle.internal.remote.internal.inet.InetAddresses] Is this a loopback interface? false
2026-02-26T20:35:24.344+0300 [DEBUG] [org.gradle.internal.nativeintegration.services.NativeServices] Native-platform posix files integration is not available. Continuing with fallback.
2026-02-26T20:35:24.380+0300 [INFO] [org.gradle.launcher.daemon.server.Daemon] start() called on daemon - DefaultDaemonContext[uid=f382c510-9065-4eee-ba76-1c28373d147c,javaHome=D:\Droid\jbr,javaVersion=21,javaVendor=JetBrains s.r.o.,daemonRegistryDir=D:\Droid\Projects\HabitTrack\daemon,pid=20604,idleTimeout=10800000,priority=NORMAL,applyInstrumentationAgent=true,nativeServicesMode=ENABLED,daemonOpts=-Xmx2048m,-Dfile.encoding=UTF-8,-Duser.country=RU,-Duser.language=ru,-Duser.variant]
2026-02-26T20:35:24.439+0300 [DEBUG] [org.gradle.internal.remote.internal.inet.TcpIncomingConnector] Listening on [23173140-43e1-476c-af1c-536fafbc6669 port:61069, addresses:[localhost/127.0.0.1]].
2026-02-26T20:35:24.462+0300 [DEBUG] [org.gradle.launcher.daemon.server.Daemon] Daemon starting at: Thu Feb 26 20:35:24 MSK 2026, with address: [23173140-43e1-476c-af1c-536fafbc6669 port:61069, addresses:[localhost/127.0.0.1]]
2026-02-26T20:35:24.462+0300 [INFO] [org.gradle.launcher.daemon.server.DaemonRegistryUpdater] Advertising the daemon address to the clients: [23173140-43e1-476c-af1c-536fafbc6669 port:61069, addresses:[localhost/127.0.0.1]]
2026-02-26T20:35:24.463+0300 [DEBUG] [org.gradle.launcher.daemon.server.DaemonRegistryUpdater] Advertised daemon context: DefaultDaemonContext[uid=f382c510-9065-4eee-ba76-1c28373d147c,javaHome=D:\Droid\jbr,javaVersion=21,javaVendor=JetBrains s.r.o.,daemonRegistryDir=D:\Droid\Projects\HabitTrack\daemon,pid=20604,idleTimeout=10800000,priority=NORMAL,applyInstrumentationAgent=true,nativeServicesMode=ENABLED,daemonOpts=-Xmx2048m,-Dfile.encoding=UTF-8,-Duser.country=RU,-Duser.language=ru,-Duser.variant]
2026-02-26T20:35:24.465+0300 [DEBUG] [org.gradle.launcher.daemon.registry.PersistentDaemonRegistry] Storing daemon address: [23173140-43e1-476c-af1c-536fafbc6669 port:61069, addresses:[localhost/127.0.0.1]], context: DefaultDaemonContext[uid=f382c510-9065-4eee-ba76-1c28373d147c,javaHome=D:\Droid\jbr,javaVersion=21,javaVendor=JetBrains s.r.o.,daemonRegistryDir=D:\Droid\Projects\HabitTrack\daemon,pid=20604,idleTimeout=10800000,priority=NORMAL,applyInstrumentationAgent=true,nativeServicesMode=ENABLED,daemonOpts=-Xmx2048m,-Dfile.encoding=UTF-8,-Duser.country=RU,-Duser.language=ru,-Duser.variant]
2026-02-26T20:35:24.485+0300 [DEBUG] [org.gradle.cache.internal.DefaultFileLockManager] Waiting to acquire exclusive lock on daemon addresses registry.
2026-02-26T20:35:24.489+0300 [DEBUG] [org.gradle.cache.internal.DefaultFileLockManager] Lock acquired on daemon addresses registry.
2026-02-26T20:35:24.496+0300 [DEBUG] [org.gradle.cache.internal.DefaultFileLockManager] Releasing lock on daemon addresses registry.
2026-02-26T20:35:24.497+0300 [LIFECYCLE] [org.gradle.launcher.daemon.server.Daemon] Daemon server started.
2026-02-26T20:35:24.499+0300 [DEBUG] [org.gradle.launcher.daemon.bootstrap.DaemonStartupCommunication] Completed writing the daemon greeting. Closing streams...
2026-02-26T20:35:24.509+0300 [DEBUG] [org.gradle.launcher.daemon.server.Daemon] stopOnExpiration() called on daemon
2026-02-26T20:35:24.511+0300 [DEBUG] [org.gradle.internal.remote.internal.inet.TcpIncomingConnector] Accepted connection from /127.0.0.1:61070 to /127.0.0.1:61069.
2026-02-26T20:35:24.511+0300 [DEBUG] [org.gradle.launcher.daemon.server.Daemon] awaitExpiration() called on daemon
2026-02-26T20:35:24.513+0300 [DEBUG] [org.gradle.launcher.daemon.server.DaemonStateCoordinator] daemon is running. Sleeping until state changes.
2026-02-26T20:35:24.577+0300 [DEBUG] [org.gradle.launcher.daemon.server.SynchronizedDispatchConnection] thread 37: received class org.gradle.launcher.daemon.protocol.Build
2026-02-26T20:35:24.578+0300 [DEBUG] [org.gradle.launcher.daemon.server.DefaultDaemonConnection] thread 37: Received non-IO message from client: Build{id=c27169fc-2261-4daf-aeaf-a6f6d50a2b8f, currentDir=D:\Droid\Projects\HabitTrack}
2026-02-26T20:35:24.578+0300 [INFO] [org.gradle.launcher.daemon.server.DefaultIncomingConnectionHandler] Received command: Build{id=c27169fc-2261-4daf-aeaf-a6f6d50a2b8f, currentDir=D:\Droid\Projects\HabitTrack}.
2026-02-26T20:35:24.579+0300 [DEBUG] [org.gradle.launcher.daemon.server.DefaultIncomingConnectionHandler] Starting executing command: Build{id=c27169fc-2261-4daf-aeaf-a6f6d50a2b8f, currentDir=D:\Droid\Projects\HabitTrack} with connection: socket connection from /127.0.0.1:61069 to /127.0.0.1:61070.
2026-02-26T20:35:24.582+0300 [DEBUG] [org.gradle.launcher.daemon.server.DaemonStateCoordinator] Command execution: started DaemonCommandExecution[command = Build{id=c27169fc-2261-4daf-aeaf-a6f6d50a2b8f, currentDir=D:\Droid\Projects\HabitTrack}, connection = DefaultDaemonConnection: socket connection from /127.0.0.1:61069 to /127.0.0.1:61070] after 0.0025 minutes of idle
2026-02-26T20:35:24.583+0300 [INFO] [org.gradle.launcher.daemon.server.DaemonRegistryUpdater] Marking the daemon as busy, address: [23173140-43e1-476c-af1c-536fafbc6669 port:61069, addresses:[localhost/127.0.0.1]]
2026-02-26T20:35:24.583+0300 [DEBUG] [org.gradle.launcher.daemon.registry.PersistentDaemonRegistry] Marking busy by address: [23173140-43e1-476c-af1c-536fafbc6669 port:61069, addresses:[localhost/127.0.0.1]]
2026-02-26T20:35:24.584+0300 [DEBUG] [org.gradle.cache.internal.DefaultFileLockManager] Waiting to acquire exclusive lock on daemon addresses registry.
2026-02-26T20:35:24.584+0300 [DEBUG] [org.gradle.cache.internal.DefaultFileLockManager] Lock acquired on daemon addresses registry.
2026-02-26T20:35:24.585+0300 [DEBUG] [org.gradle.cache.internal.DefaultFileLockManager] Releasing lock on daemon addresses registry.
2026-02-26T20:35:24.586+0300 [DEBUG] [org.gradle.launcher.daemon.server.DaemonStateCoordinator] resetting idle timer
2026-02-26T20:35:24.586+0300 [DEBUG] [org.gradle.launcher.daemon.server.DaemonStateCoordinator] daemon is running. Sleeping until state changes.
2026-02-26T20:35:24.592+0300 [INFO] [org.gradle.launcher.daemon.server.exec.StartBuildOrRespondWithBusy] Daemon is about to start building Build{id=c27169fc-2261-4daf-aeaf-a6f6d50a2b8f, currentDir=D:\Droid\Projects\HabitTrack}. Dispatching build started information...
2026-02-26T20:35:24.594+0300 [DEBUG] [org.gradle.launcher.daemon.server.SynchronizedDispatchConnection] thread 41: dispatching org.gradle.launcher.daemon.protocol.BuildStarted@648bd2cb
2026-02-26T20:35:24.601+0300 [DEBUG] [org.gradle.launcher.daemon.server.exec.EstablishBuildEnvironment] Configuring env variables: [USERDOMAIN_ROAMINGPROFILE, LOCALAPPDATA, PROCESSOR_LEVEL, USERDOMAIN, LOGONSERVER, FPS_BROWSER_APP_PROFILE_STRING, SESSIONNAME, ALLUSERSPROFILE, PROCESSOR_ARCHITECTURE, PSModulePath, SystemDrive, OneDrive, EFC_7876, APPDATA, USERNAME, ProgramFiles(x86), CommonProgramFiles, Path, FPS_BROWSER_USER_PROFILE_STRING, PATHEXT, DriverData, OS, COMPUTERNAME, PROCESSOR_REVISION, CommonProgramW6432, ComSpec, ProgramData, ProgramW6432, TEMP, HOMEPATH, SystemRoot, PROCESSOR_IDENTIFIER, HOMEDRIVE, USERPROFILE, TMP, CommonProgramFiles(x86), ProgramFiles, PUBLIC, windir, NUMBER_OF_PROCESSORS, =::]
2026-02-26T20:35:24.609+0300 [DEBUG] [org.gradle.launcher.daemon.server.exec.LogToClient] About to start relaying all logs to the client via the connection.
2026-02-26T20:35:24.609+0300 [INFO] [org.gradle.launcher.daemon.server.exec.LogToClient] The client will now receive all logging from the daemon (pid: 20604). The daemon log file: D:\Droid\Projects\HabitTrack\daemon\9.3.0\daemon-20604.out.log
2026-02-26T20:35:24.612+0300 [INFO] [org.gradle.launcher.daemon.server.exec.LogAndCheckHealth] Starting build in new daemon [memory: 2 GiB]
2026-02-26T20:35:24.617+0300 [DEBUG] [org.gradle.launcher.daemon.server.exec.ExecuteBuild] The daemon has started executing the build.
2026-02-26T20:35:24.618+0300 [DEBUG] [org.gradle.launcher.daemon.server.exec.ExecuteBuild] Executing build with daemon context: DefaultDaemonContext[uid=f382c510-9065-4eee-ba76-1c28373d147c,javaHome=D:\Droid\jbr,javaVersion=21,javaVendor=JetBrains s.r.o.,daemonRegistryDir=D:\Droid\Projects\HabitTrack\daemon,pid=20604,idleTimeout=10800000,priority=NORMAL,applyInstrumentationAgent=true,nativeServicesMode=ENABLED,daemonOpts=-Xmx2048m,-Dfile.encoding=UTF-8,-Duser.country=RU,-Duser.language=ru,-Duser.variant]
AGPBI: {"kind":"warning","text":"We recommend using a newer Android Gradle plugin to use compileSdk = 35\n\nThis Android Gradle plugin (8.5.0) was tested up to compileSdk = 34.\n\nYou are strongly encouraged to update your project to use a newer\nAndroid Gradle plugin that has been tested with compileSdk = 35.\n\nIf you are already using the latest version of the Android Gradle plugin,\nyou may need to wait until a newer version with support for compileSdk = 35 is available.\n\nFor more information refer to the compatibility table:\nhttps://d.android.com/r/tools/api-level-support\n\nTo suppress this warning, add/update\n    android.suppressUnsupportedCompileSdk=35\nto this project's gradle.properties.","sources":[{}]}

[Incubating] Problems report is available at: file:///D:/Droid/Projects/HabitTrack/build/reports/problems/problems-report.html

Deprecated Gradle features were used in this build, making it incompatible with Gradle 10.

You can use '--warning-mode all' to show the individual deprecation warnings and determine if they come from your own scripts or plugins.

For more on this, please refer to https://docs.gradle.org/9.3.0/userguide/command_line_interface.html#sec:command_line_warnings in the Gradle documentation.

BUILD SUCCESSFUL in 30s
65 actionable tasks: 10 executed, 55 up-to-date
Consider enabling configuration cache to speed up this build: https://docs.gradle.org/9.3.0/userguide/configuration_cache_enabling.html
2026-02-26T20:35:51.219+0300 [DEBUG] [org.gradle.launcher.daemon.server.exec.ExecuteBuild] The daemon has finished executing the build.
2026-02-26T20:35:51.237+0300 [DEBUG] [org.gradle.launcher.daemon.server.DaemonStateCoordinator] daemon is running. Sleeping until state changes.
2026-02-26T20:35:51.238+0300 [DEBUG] [org.gradle.launcher.daemon.server.DaemonStateCoordinator] Command execution: finished waiting for DaemonCommandExecution[command = Build{id=c27169fc-2261-4daf-aeaf-a6f6d50a2b8f, currentDir=D:\Droid\Projects\HabitTrack}, connection = DefaultDaemonConnection: socket connection from /127.0.0.1:61069 to /127.0.0.1:61070]. Result org.gradle.launcher.daemon.server.DaemonStateCoordinator@110887b5 with state Busy
2026-02-26T20:35:51.239+0300 [DEBUG] [org.gradle.launcher.daemon.server.DaemonStateCoordinator] Command execution: completed DaemonCommandExecution[command = Build{id=c27169fc-2261-4daf-aeaf-a6f6d50a2b8f, currentDir=D:\Droid\Projects\HabitTrack}, connection = DefaultDaemonConnection: socket connection from /127.0.0.1:61069 to /127.0.0.1:61070]
2026-02-26T20:35:51.239+0300 [DEBUG] [org.gradle.launcher.daemon.server.DaemonStateCoordinator] resetting idle timer
2026-02-26T20:35:51.239+0300 [INFO] [org.gradle.launcher.daemon.server.DaemonRegistryUpdater] Marking the daemon as idle, address: [23173140-43e1-476c-af1c-536fafbc6669 port:61069, addresses:[localhost/127.0.0.1]]
2026-02-26T20:35:51.240+0300 [DEBUG] [org.gradle.launcher.daemon.registry.PersistentDaemonRegistry] Marking busy by address: [23173140-43e1-476c-af1c-536fafbc6669 port:61069, addresses:[localhost/127.0.0.1]]
2026-02-26T20:35:51.246+0300 [DEBUG] [org.gradle.cache.internal.DefaultFileLockManager] Waiting to acquire exclusive lock on daemon addresses registry.
2026-02-26T20:35:51.247+0300 [DEBUG] [org.gradle.cache.internal.DefaultFileLockManager] Lock acquired on daemon addresses registry.
2026-02-26T20:35:51.249+0300 [DEBUG] [org.gradle.cache.internal.DefaultFileLockManager] Releasing lock on daemon addresses registry.
2026-02-26T20:35:51.255+0300 [DEBUG] [org.gradle.launcher.daemon.server.DaemonStateCoordinator] daemon is running. Sleeping until state changes.
2026-02-26T20:35:51.257+0300 [DEBUG] [org.gradle.launcher.daemon.server.exec.ReturnResult] Daemon is dispatching the build result: Success[value=org.gradle.launcher.exec.BuildActionResult@23495ee6]
2026-02-26T20:35:51.258+0300 [DEBUG] [org.gradle.launcher.daemon.server.SynchronizedDispatchConnection] thread 36: dispatching Success[value=org.gradle.launcher.exec.BuildActionResult@23495ee6]
2026-02-26T20:35:51.262+0300 [DEBUG] [org.gradle.launcher.daemon.server.SynchronizedDispatchConnection] thread 37: received class org.gradle.launcher.daemon.protocol.CloseInput
2026-02-26T20:35:51.263+0300 [DEBUG] [org.gradle.launcher.daemon.server.DefaultDaemonConnection] thread 37: Received IO message from client: org.gradle.launcher.daemon.protocol.CloseInput@2fc0eb3e
2026-02-26T20:35:51.263+0300 [DEBUG] [org.gradle.launcher.daemon.server.DefaultIncomingConnectionHandler] Finishing executing command: Build{id=c27169fc-2261-4daf-aeaf-a6f6d50a2b8f, currentDir=D:\Droid\Projects\HabitTrack}
2026-02-26T20:35:51.263+0300 [DEBUG] [org.gradle.launcher.daemon.server.SynchronizedDispatchConnection] thread 37: received class org.gradle.launcher.daemon.protocol.Finished
2026-02-26T20:35:51.263+0300 [DEBUG] [org.gradle.launcher.daemon.server.exec.CleanUpVirtualFileSystemAfterBuild] Cleaning virtual file system after build finished
2026-02-26T20:35:51.263+0300 [DEBUG] [org.gradle.launcher.daemon.server.DefaultDaemonConnection] thread 37: Received non-IO message from client: org.gradle.launcher.daemon.protocol.Finished@1a0dd4ba
2026-02-26T20:35:51.264+0300 [DEBUG] [org.gradle.launcher.daemon.server.DefaultIncomingConnectionHandler] Received finished message: org.gradle.launcher.daemon.protocol.Finished@1a0dd4ba
2026-02-26T20:35:51.264+0300 [DEBUG] [org.gradle.launcher.daemon.server.SynchronizedDispatchConnection] thread 36: stopping connection
2026-02-26T20:35:51.264+0300 [DEBUG] [org.gradle.internal.remote.internal.inet.SocketConnection] Discarding EOFException: java.io.EOFException
2026-02-26T20:35:51.264+0300 [DEBUG] [org.gradle.launcher.daemon.server.SynchronizedDispatchConnection] thread 37: received null
2026-02-26T20:35:51.264+0300 [DEBUG] [org.gradle.launcher.daemon.server.DefaultDaemonConnection] thread 37: Received end-of-input from client.
2026-02-26T20:35:51.266+0300 [DEBUG] [org.gradle.launcher.daemon.server.SynchronizedDispatchConnection] thread 36: stopping connection
2026-02-26T20:35:54.523+0300 [DEBUG] [org.gradle.launcher.daemon.server.Daemon] Starting periodic daemon health check.
2026-02-26T20:35:54.535+0300 [DEBUG] [org.gradle.cache.internal.DefaultFileLockManager] Waiting to acquire shared lock on daemon addresses registry.
2026-02-26T20:35:54.535+0300 [DEBUG] [org.gradle.cache.internal.DefaultFileLockManager] Lock acquired on daemon addresses registry.
2026-02-26T20:35:54.535+0300 [DEBUG] [org.gradle.cache.internal.DefaultFileLockManager] Releasing lock on daemon addresses registry.
2026-02-26T20:35:54.549+0300 [DEBUG] [org.gradle.cache.internal.DefaultFileLockManager] Waiting to acquire shared lock on daemon addresses registry.
2026-02-26T20:35:54.550+0300 [DEBUG] [org.gradle.cache.internal.DefaultFileLockManager] Lock acquired on daemon addresses registry.
2026-02-26T20:35:54.550+0300 [DEBUG] [org.gradle.cache.internal.DefaultFileLockManager] Releasing lock on daemon addresses registry.
2026-02-26T20:35:54.555+0300 [DEBUG] [org.gradle.launcher.daemon.server.Daemon] Finished periodic daemon health check.
2026-02-26T20:36:04.525+0300 [DEBUG] [org.gradle.launcher.daemon.server.Daemon] Starting periodic daemon health check.
2026-02-26T20:36:04.529+0300 [DEBUG] [org.gradle.cache.internal.DefaultFileLockManager] Waiting to acquire shared lock on daemon addresses registry.
2026-02-26T20:36:04.530+0300 [DEBUG] [org.gradle.cache.internal.DefaultFileLockManager] Lock acquired on daemon addresses registry.
2026-02-26T20:36:04.530+0300 [DEBUG] [org.gradle.cache.internal.DefaultFileLockManager] Releasing lock on daemon addresses registry.
2026-02-26T20:36:04.537+0300 [DEBUG] [org.gradle.cache.internal.DefaultFileLockManager] Waiting to acquire shared lock on daemon addresses registry.
2026-02-26T20:36:04.538+0300 [DEBUG] [org.gradle.cache.internal.DefaultFileLockManager] Lock acquired on daemon addresses registry.
2026-02-26T20:36:04.538+0300 [DEBUG] [org.gradle.cache.internal.DefaultFileLockManager] Releasing lock on daemon addresses registry.
2026-02-26T20:36:04.541+0300 [DEBUG] [org.gradle.launcher.daemon.server.Daemon] Finished periodic daemon health check.
2026-02-26T20:36:07.789+0300 [DEBUG] [org.gradle.internal.watch.vfs.impl.WatchingVirtualFileSystem] Handling VFS change REMOVED D:\Droid\Projects\HabitTrack\app\build\outputs\apk\debug\app-debug.apk
2026-02-26T20:36:14.594+0300 [DEBUG] [org.gradle.launcher.daemon.server.Daemon] Starting periodic daemon health check.
2026-02-26T20:36:14.698+0300 [DEBUG] [org.gradle.cache.internal.DefaultFileLockManager] Waiting to acquire shared lock on daemon addresses registry.
2026-02-26T20:36:14.699+0300 [DEBUG] [org.gradle.cache.internal.DefaultFileLockManager] Lock acquired on daemon addresses registry.
2026-02-26T20:36:14.700+0300 [DEBUG] [org.gradle.cache.internal.DefaultFileLockManager] Releasing lock on daemon addresses registry.
2026-02-26T20:36:14.751+0300 [DEBUG] [org.gradle.cache.internal.DefaultFileLockManager] Waiting to acquire shared lock on daemon addresses registry.
2026-02-26T20:36:14.752+0300 [DEBUG] [org.gradle.cache.internal.DefaultFileLockManager] Lock acquired on daemon addresses registry.
2026-02-26T20:36:14.754+0300 [DEBUG] [org.gradle.cache.internal.DefaultFileLockManager] Releasing lock on daemon addresses registry.
2026-02-26T20:36:14.773+0300 [DEBUG] [org.gradle.launcher.daemon.server.Daemon] Finished periodic daemon health check.
2026-02-26T20:36:24.512+0300 [DEBUG] [org.gradle.launcher.daemon.server.Daemon] Starting periodic daemon health check.
2026-02-26T20:36:24.516+0300 [DEBUG] [org.gradle.cache.internal.DefaultFileLockManager] Waiting to acquire shared lock on daemon addresses registry.
2026-02-26T20:36:24.516+0300 [DEBUG] [org.gradle.cache.internal.DefaultFileLockManager] Lock acquired on daemon addresses registry.
2026-02-26T20:36:24.516+0300 [DEBUG] [org.gradle.cache.internal.DefaultFileLockManager] Releasing lock on daemon addresses registry.
2026-02-26T20:36:24.523+0300 [DEBUG] [org.gradle.cache.internal.DefaultFileLockManager] Waiting to acquire shared lock on daemon addresses registry.
2026-02-26T20:36:24.523+0300 [DEBUG] [org.gradle.cache.internal.DefaultFileLockManager] Lock acquired on daemon addresses registry.
2026-02-26T20:36:24.523+0300 [DEBUG] [org.gradle.cache.internal.DefaultFileLockManager] Releasing lock on daemon addresses registry.
2026-02-26T20:36:24.527+0300 [DEBUG] [org.gradle.launcher.daemon.server.Daemon] Finished periodic daemon health check.
2026-02-26T20:36:34.518+0300 [DEBUG] [org.gradle.launcher.daemon.server.Daemon] Starting periodic daemon health check.
2026-02-26T20:36:34.521+0300 [DEBUG] [org.gradle.cache.internal.DefaultFileLockManager] Waiting to acquire shared lock on daemon addresses registry.
2026-02-26T20:36:34.521+0300 [DEBUG] [org.gradle.cache.internal.DefaultFileLockManager] Lock acquired on daemon addresses registry.
2026-02-26T20:36:34.521+0300 [DEBUG] [org.gradle.cache.internal.DefaultFileLockManager] Releasing lock on daemon addresses registry.
2026-02-26T20:36:34.528+0300 [DEBUG] [org.gradle.cache.internal.DefaultFileLockManager] Waiting to acquire shared lock on daemon addresses registry.
2026-02-26T20:36:34.529+0300 [DEBUG] [org.gradle.cache.internal.DefaultFileLockManager] Lock acquired on daemon addresses registry.
2026-02-26T20:36:34.529+0300 [DEBUG] [org.gradle.cache.internal.DefaultFileLockManager] Releasing lock on daemon addresses registry.
2026-02-26T20:36:34.532+0300 [DEBUG] [org.gradle.launcher.daemon.server.Daemon] Finished periodic daemon health check.
2026-02-26T20:36:44.805+0300 [DEBUG] [org.gradle.launcher.daemon.server.Daemon] Starting periodic daemon health check.
2026-02-26T20:36:44.813+0300 [DEBUG] [org.gradle.cache.internal.DefaultFileLockManager] Waiting to acquire shared lock on daemon addresses registry.
2026-02-26T20:36:44.814+0300 [DEBUG] [org.gradle.cache.internal.DefaultFileLockManager] Lock acquired on daemon addresses registry.
2026-02-26T20:36:44.814+0300 [DEBUG] [org.gradle.cache.internal.DefaultFileLockManager] Releasing lock on daemon addresses registry.
2026-02-26T20:36:44.841+0300 [DEBUG] [org.gradle.cache.internal.DefaultFileLockManager] Waiting to acquire shared lock on daemon addresses registry.
2026-02-26T20:36:44.841+0300 [DEBUG] [org.gradle.cache.internal.DefaultFileLockManager] Lock acquired on daemon addresses registry.
2026-02-26T20:36:44.842+0300 [DEBUG] [org.gradle.cache.internal.DefaultFileLockManager] Releasing lock on daemon addresses registry.
2026-02-26T20:36:44.857+0300 [DEBUG] [org.gradle.launcher.daemon.server.Daemon] Finished periodic daemon health check.
2026-02-26T20:36:54.525+0300 [DEBUG] [org.gradle.launcher.daemon.server.Daemon] Starting periodic daemon health check.
2026-02-26T20:36:54.529+0300 [DEBUG] [org.gradle.cache.internal.DefaultFileLockManager] Waiting to acquire shared lock on daemon addresses registry.
2026-02-26T20:36:54.529+0300 [DEBUG] [org.gradle.cache.internal.DefaultFileLockManager] Lock acquired on daemon addresses registry.
2026-02-26T20:36:54.529+0300 [DEBUG] [org.gradle.cache.internal.DefaultFileLockManager] Releasing lock on daemon addresses registry.
2026-02-26T20:36:54.535+0300 [DEBUG] [org.gradle.cache.internal.DefaultFileLockManager] Waiting to acquire shared lock on daemon addresses registry.
2026-02-26T20:36:54.535+0300 [DEBUG] [org.gradle.cache.internal.DefaultFileLockManager] Lock acquired on daemon addresses registry.
2026-02-26T20:36:54.535+0300 [DEBUG] [org.gradle.cache.internal.DefaultFileLockManager] Releasing lock on daemon addresses registry.
2026-02-26T20:36:54.548+0300 [DEBUG] [org.gradle.launcher.daemon.server.Daemon] Finished periodic daemon health check.
2026-02-26T20:37:04.526+0300 [DEBUG] [org.gradle.launcher.daemon.server.Daemon] Starting periodic daemon health check.
2026-02-26T20:37:04.529+0300 [DEBUG] [org.gradle.cache.internal.DefaultFileLockManager] Waiting to acquire shared lock on daemon addresses registry.
2026-02-26T20:37:04.530+0300 [DEBUG] [org.gradle.cache.internal.DefaultFileLockManager] Lock acquired on daemon addresses registry.
2026-02-26T20:37:04.530+0300 [DEBUG] [org.gradle.cache.internal.DefaultFileLockManager] Releasing lock on daemon addresses registry.
2026-02-26T20:37:04.540+0300 [DEBUG] [org.gradle.cache.internal.DefaultFileLockManager] Waiting to acquire shared lock on daemon addresses registry.
2026-02-26T20:37:04.541+0300 [DEBUG] [org.gradle.cache.internal.DefaultFileLockManager] Lock acquired on daemon addresses registry.
2026-02-26T20:37:04.541+0300 [DEBUG] [org.gradle.cache.internal.DefaultFileLockManager] Releasing lock on daemon addresses registry.
2026-02-26T20:37:04.545+0300 [DEBUG] [org.gradle.launcher.daemon.server.Daemon] Finished periodic daemon health check.
2026-02-26T20:37:14.524+0300 [DEBUG] [org.gradle.launcher.daemon.server.Daemon] Starting periodic daemon health check.
2026-02-26T20:37:14.530+0300 [DEBUG] [org.gradle.cache.internal.DefaultFileLockManager] Waiting to acquire shared lock on daemon addresses registry.
2026-02-26T20:37:14.530+0300 [DEBUG] [org.gradle.cache.internal.DefaultFileLockManager] Lock acquired on daemon addresses registry.
2026-02-26T20:37:14.531+0300 [DEBUG] [org.gradle.cache.internal.DefaultFileLockManager] Releasing lock on daemon addresses registry.
2026-02-26T20:37:14.540+0300 [DEBUG] [org.gradle.cache.internal.DefaultFileLockManager] Waiting to acquire shared lock on daemon addresses registry.
2026-02-26T20:37:14.541+0300 [DEBUG] [org.gradle.cache.internal.DefaultFileLockManager] Lock acquired on daemon addresses registry.
2026-02-26T20:37:14.541+0300 [DEBUG] [org.gradle.cache.internal.DefaultFileLockManager] Releasing lock on daemon addresses registry.
2026-02-26T20:37:14.545+0300 [DEBUG] [org.gradle.launcher.daemon.server.Daemon] Finished periodic daemon health check.
2026-02-26T20:37:24.519+0300 [DEBUG] [org.gradle.launcher.daemon.server.Daemon] Starting periodic daemon health check.
2026-02-26T20:37:24.524+0300 [DEBUG] [org.gradle.cache.internal.DefaultFileLockManager] Waiting to acquire shared lock on daemon addresses registry.
2026-02-26T20:37:24.525+0300 [DEBUG] [org.gradle.cache.internal.DefaultFileLockManager] Lock acquired on daemon addresses registry.
2026-02-26T20:37:24.525+0300 [DEBUG] [org.gradle.cache.internal.DefaultFileLockManager] Releasing lock on daemon addresses registry.
2026-02-26T20:37:24.532+0300 [DEBUG] [org.gradle.cache.internal.DefaultFileLockManager] Waiting to acquire shared lock on daemon addresses registry.
2026-02-26T20:37:24.532+0300 [DEBUG] [org.gradle.cache.internal.DefaultFileLockManager] Lock acquired on daemon addresses registry.
2026-02-26T20:37:24.532+0300 [DEBUG] [org.gradle.cache.internal.DefaultFileLockManager] Releasing lock on daemon addresses registry.
2026-02-26T20:37:24.535+0300 [DEBUG] [org.gradle.launcher.daemon.server.Daemon] Finished periodic daemon health check.
2026-02-26T20:37:34.516+0300 [DEBUG] [org.gradle.launcher.daemon.server.Daemon] Starting periodic daemon health check.
2026-02-26T20:37:34.520+0300 [DEBUG] [org.gradle.cache.internal.DefaultFileLockManager] Waiting to acquire shared lock on daemon addresses registry.
2026-02-26T20:37:34.520+0300 [DEBUG] [org.gradle.cache.internal.DefaultFileLockManager] Lock acquired on daemon addresses registry.
2026-02-26T20:37:34.520+0300 [DEBUG] [org.gradle.cache.internal.DefaultFileLockManager] Releasing lock on daemon addresses registry.
2026-02-26T20:37:34.527+0300 [DEBUG] [org.gradle.cache.internal.DefaultFileLockManager] Waiting to acquire shared lock on daemon addresses registry.
2026-02-26T20:37:34.527+0300 [DEBUG] [org.gradle.cache.internal.DefaultFileLockManager] Lock acquired on daemon addresses registry.
2026-02-26T20:37:34.528+0300 [DEBUG] [org.gradle.cache.internal.DefaultFileLockManager] Releasing lock on daemon addresses registry.
2026-02-26T20:37:34.530+0300 [DEBUG] [org.gradle.launcher.daemon.server.Daemon] Finished periodic daemon health check.
2026-02-26T20:37:44.525+0300 [DEBUG] [org.gradle.launcher.daemon.server.Daemon] Starting periodic daemon health check.
2026-02-26T20:37:44.530+0300 [DEBUG] [org.gradle.cache.internal.DefaultFileLockManager] Waiting to acquire shared lock on daemon addresses registry.
2026-02-26T20:37:44.530+0300 [DEBUG] [org.gradle.cache.internal.DefaultFileLockManager] Lock acquired on daemon addresses registry.
2026-02-26T20:37:44.531+0300 [DEBUG] [org.gradle.cache.internal.DefaultFileLockManager] Releasing lock on daemon addresses registry.
2026-02-26T20:37:44.538+0300 [DEBUG] [org.gradle.cache.internal.DefaultFileLockManager] Waiting to acquire shared lock on daemon addresses registry.
2026-02-26T20:37:44.539+0300 [DEBUG] [org.gradle.cache.internal.DefaultFileLockManager] Lock acquired on daemon addresses registry.
2026-02-26T20:37:44.539+0300 [DEBUG] [org.gradle.cache.internal.DefaultFileLockManager] Releasing lock on daemon addresses registry.
2026-02-26T20:37:44.542+0300 [DEBUG] [org.gradle.launcher.daemon.server.Daemon] Finished periodic daemon health check.
2026-02-26T20:37:54.524+0300 [DEBUG] [org.gradle.launcher.daemon.server.Daemon] Starting periodic daemon health check.
2026-02-26T20:37:54.531+0300 [DEBUG] [org.gradle.cache.internal.DefaultFileLockManager] Waiting to acquire shared lock on daemon addresses registry.
2026-02-26T20:37:54.531+0300 [DEBUG] [org.gradle.cache.internal.DefaultFileLockManager] Lock acquired on daemon addresses registry.
2026-02-26T20:37:54.532+0300 [DEBUG] [org.gradle.cache.internal.DefaultFileLockManager] Releasing lock on daemon addresses registry.
2026-02-26T20:37:54.541+0300 [DEBUG] [org.gradle.cache.internal.DefaultFileLockManager] Waiting to acquire shared lock on daemon addresses registry.
2026-02-26T20:37:54.541+0300 [DEBUG] [org.gradle.cache.internal.DefaultFileLockManager] Lock acquired on daemon addresses registry.
2026-02-26T20:37:54.542+0300 [DEBUG] [org.gradle.cache.internal.DefaultFileLockManager] Releasing lock on daemon addresses registry.
2026-02-26T20:37:54.546+0300 [DEBUG] [org.gradle.launcher.daemon.server.Daemon] Finished periodic daemon health check.
2026-02-26T20:38:04.523+0300 [DEBUG] [org.gradle.launcher.daemon.server.Daemon] Starting periodic daemon health check.
2026-02-26T20:38:04.528+0300 [DEBUG] [org.gradle.cache.internal.DefaultFileLockManager] Waiting to acquire shared lock on daemon addresses registry.
2026-02-26T20:38:04.528+0300 [DEBUG] [org.gradle.cache.internal.DefaultFileLockManager] Lock acquired on daemon addresses registry.
2026-02-26T20:38:04.529+0300 [DEBUG] [org.gradle.cache.internal.DefaultFileLockManager] Releasing lock on daemon addresses registry.
2026-02-26T20:38:04.536+0300 [DEBUG] [org.gradle.cache.internal.DefaultFileLockManager] Waiting to acquire shared lock on daemon addresses registry.
2026-02-26T20:38:04.536+0300 [DEBUG] [org.gradle.cache.internal.DefaultFileLockManager] Lock acquired on daemon addresses registry.
2026-02-26T20:38:04.537+0300 [DEBUG] [org.gradle.cache.internal.DefaultFileLockManager] Releasing lock on daemon addresses registry.
2026-02-26T20:38:04.539+0300 [DEBUG] [org.gradle.launcher.daemon.server.Daemon] Finished periodic daemon health check.
2026-02-26T20:38:14.513+0300 [DEBUG] [org.gradle.launcher.daemon.server.Daemon] Starting periodic daemon health check.
2026-02-26T20:38:14.516+0300 [DEBUG] [org.gradle.cache.internal.DefaultFileLockManager] Waiting to acquire shared lock on daemon addresses registry.
2026-02-26T20:38:14.516+0300 [DEBUG] [org.gradle.cache.internal.DefaultFileLockManager] Lock acquired on daemon addresses registry.
2026-02-26T20:38:14.517+0300 [DEBUG] [org.gradle.cache.internal.DefaultFileLockManager] Releasing lock on daemon addresses registry.
2026-02-26T20:38:14.523+0300 [DEBUG] [org.gradle.cache.internal.DefaultFileLockManager] Waiting to acquire shared lock on daemon addresses registry.
2026-02-26T20:38:14.524+0300 [DEBUG] [org.gradle.cache.internal.DefaultFileLockManager] Lock acquired on daemon addresses registry.
2026-02-26T20:38:14.524+0300 [DEBUG] [org.gradle.cache.internal.DefaultFileLockManager] Releasing lock on daemon addresses registry.
2026-02-26T20:38:14.527+0300 [DEBUG] [org.gradle.launcher.daemon.server.Daemon] Finished periodic daemon health check.
2026-02-26T20:38:24.519+0300 [DEBUG] [org.gradle.launcher.daemon.server.Daemon] Starting periodic daemon health check.
2026-02-26T20:38:24.524+0300 [DEBUG] [org.gradle.cache.internal.DefaultFileLockManager] Waiting to acquire shared lock on daemon addresses registry.
2026-02-26T20:38:24.525+0300 [DEBUG] [org.gradle.cache.internal.DefaultFileLockManager] Lock acquired on daemon addresses registry.
2026-02-26T20:38:24.525+0300 [DEBUG] [org.gradle.cache.internal.DefaultFileLockManager] Releasing lock on daemon addresses registry.
2026-02-26T20:38:24.537+0300 [DEBUG] [org.gradle.cache.internal.DefaultFileLockManager] Waiting to acquire shared lock on daemon addresses registry.
2026-02-26T20:38:24.538+0300 [DEBUG] [org.gradle.cache.internal.DefaultFileLockManager] Lock acquired on daemon addresses registry.
2026-02-26T20:38:24.539+0300 [DEBUG] [org.gradle.cache.internal.DefaultFileLockManager] Releasing lock on daemon addresses registry.
2026-02-26T20:38:24.545+0300 [DEBUG] [org.gradle.launcher.daemon.server.Daemon] Finished periodic daemon health check.
2026-02-26T20:38:34.520+0300 [DEBUG] [org.gradle.launcher.daemon.server.Daemon] Starting periodic daemon health check.
2026-02-26T20:38:34.525+0300 [DEBUG] [org.gradle.cache.internal.DefaultFileLockManager] Waiting to acquire shared lock on daemon addresses registry.
2026-02-26T20:38:34.525+0300 [DEBUG] [org.gradle.cache.internal.DefaultFileLockManager] Lock acquired on daemon addresses registry.
2026-02-26T20:38:34.526+0300 [DEBUG] [org.gradle.cache.internal.DefaultFileLockManager] Releasing lock on daemon addresses registry.
2026-02-26T20:38:34.534+0300 [DEBUG] [org.gradle.cache.internal.DefaultFileLockManager] Waiting to acquire shared lock on daemon addresses registry.
2026-02-26T20:38:34.535+0300 [DEBUG] [org.gradle.cache.internal.DefaultFileLockManager] Lock acquired on daemon addresses registry.
2026-02-26T20:38:34.535+0300 [DEBUG] [org.gradle.cache.internal.DefaultFileLockManager] Releasing lock on daemon addresses registry.
2026-02-26T20:38:34.540+0300 [DEBUG] [org.gradle.launcher.daemon.server.Daemon] Finished periodic daemon health check.
2026-02-26T20:38:44.514+0300 [DEBUG] [org.gradle.launcher.daemon.server.Daemon] Starting periodic daemon health check.
2026-02-26T20:38:44.517+0300 [DEBUG] [org.gradle.cache.internal.DefaultFileLockManager] Waiting to acquire shared lock on daemon addresses registry.
2026-02-26T20:38:44.517+0300 [DEBUG] [org.gradle.cache.internal.DefaultFileLockManager] Lock acquired on daemon addresses registry.
2026-02-26T20:38:44.518+0300 [DEBUG] [org.gradle.cache.internal.DefaultFileLockManager] Releasing lock on daemon addresses registry.
2026-02-26T20:38:44.524+0300 [DEBUG] [org.gradle.cache.internal.DefaultFileLockManager] Waiting to acquire shared lock on daemon addresses registry.
2026-02-26T20:38:44.524+0300 [DEBUG] [org.gradle.cache.internal.DefaultFileLockManager] Lock acquired on daemon addresses registry.
2026-02-26T20:38:44.524+0300 [DEBUG] [org.gradle.cache.internal.DefaultFileLockManager] Releasing lock on daemon addresses registry.
2026-02-26T20:38:44.527+0300 [DEBUG] [org.gradle.launcher.daemon.server.Daemon] Finished periodic daemon health check.
2026-02-26T20:38:54.523+0300 [DEBUG] [org.gradle.launcher.daemon.server.Daemon] Starting periodic daemon health check.
2026-02-26T20:38:54.528+0300 [DEBUG] [org.gradle.cache.internal.DefaultFileLockManager] Waiting to acquire shared lock on daemon addresses registry.
2026-02-26T20:38:54.528+0300 [DEBUG] [org.gradle.cache.internal.DefaultFileLockManager] Lock acquired on daemon addresses registry.
2026-02-26T20:38:54.528+0300 [DEBUG] [org.gradle.cache.internal.DefaultFileLockManager] Releasing lock on daemon addresses registry.
2026-02-26T20:38:54.535+0300 [DEBUG] [org.gradle.cache.internal.DefaultFileLockManager] Waiting to acquire shared lock on daemon addresses registry.
2026-02-26T20:38:54.535+0300 [DEBUG] [org.gradle.cache.internal.DefaultFileLockManager] Lock acquired on daemon addresses registry.
2026-02-26T20:38:54.535+0300 [DEBUG] [org.gradle.cache.internal.DefaultFileLockManager] Releasing lock on daemon addresses registry.
2026-02-26T20:38:54.538+0300 [DEBUG] [org.gradle.launcher.daemon.server.Daemon] Finished periodic daemon health check.
2026-02-26T20:39:04.520+0300 [DEBUG] [org.gradle.launcher.daemon.server.Daemon] Starting periodic daemon health check.
2026-02-26T20:39:04.525+0300 [DEBUG] [org.gradle.cache.internal.DefaultFileLockManager] Waiting to acquire shared lock on daemon addresses registry.
2026-02-26T20:39:04.525+0300 [DEBUG] [org.gradle.cache.internal.DefaultFileLockManager] Lock acquired on daemon addresses registry.
2026-02-26T20:39:04.526+0300 [DEBUG] [org.gradle.cache.internal.DefaultFileLockManager] Releasing lock on daemon addresses registry.
2026-02-26T20:39:04.534+0300 [DEBUG] [org.gradle.cache.internal.DefaultFileLockManager] Waiting to acquire shared lock on daemon addresses registry.
2026-02-26T20:39:04.534+0300 [DEBUG] [org.gradle.cache.internal.DefaultFileLockManager] Lock acquired on daemon addresses registry.
2026-02-26T20:39:04.535+0300 [DEBUG] [org.gradle.cache.internal.DefaultFileLockManager] Releasing lock on daemon addresses registry.
2026-02-26T20:39:04.538+0300 [DEBUG] [org.gradle.launcher.daemon.server.Daemon] Finished periodic daemon health check.
2026-02-26T20:39:14.525+0300 [DEBUG] [org.gradle.launcher.daemon.server.Daemon] Starting periodic daemon health check.
2026-02-26T20:39:14.528+0300 [DEBUG] [org.gradle.cache.internal.DefaultFileLockManager] Waiting to acquire shared lock on daemon addresses registry.
2026-02-26T20:39:14.528+0300 [DEBUG] [org.gradle.cache.internal.DefaultFileLockManager] Lock acquired on daemon addresses registry.
2026-02-26T20:39:14.529+0300 [DEBUG] [org.gradle.cache.internal.DefaultFileLockManager] Releasing lock on daemon addresses registry.
2026-02-26T20:39:14.536+0300 [DEBUG] [org.gradle.cache.internal.DefaultFileLockManager] Waiting to acquire shared lock on daemon addresses registry.
2026-02-26T20:39:14.536+0300 [DEBUG] [org.gradle.cache.internal.DefaultFileLockManager] Lock acquired on daemon addresses registry.
2026-02-26T20:39:14.536+0300 [DEBUG] [org.gradle.cache.internal.DefaultFileLockManager] Releasing lock on daemon addresses registry.
2026-02-26T20:39:14.539+0300 [DEBUG] [org.gradle.launcher.daemon.server.Daemon] Finished periodic daemon health check.
2026-02-26T20:39:24.517+0300 [DEBUG] [org.gradle.launcher.daemon.server.Daemon] Starting periodic daemon health check.
2026-02-26T20:39:24.520+0300 [DEBUG] [org.gradle.cache.internal.DefaultFileLockManager] Waiting to acquire shared lock on daemon addresses registry.
2026-02-26T20:39:24.520+0300 [DEBUG] [org.gradle.cache.internal.DefaultFileLockManager] Lock acquired on daemon addresses registry.
2026-02-26T20:39:24.520+0300 [DEBUG] [org.gradle.cache.internal.DefaultFileLockManager] Releasing lock on daemon addresses registry.
2026-02-26T20:39:24.527+0300 [DEBUG] [org.gradle.cache.internal.DefaultFileLockManager] Waiting to acquire shared lock on daemon addresses registry.
2026-02-26T20:39:24.527+0300 [DEBUG] [org.gradle.cache.internal.DefaultFileLockManager] Lock acquired on daemon addresses registry.
2026-02-26T20:39:24.527+0300 [DEBUG] [org.gradle.cache.internal.DefaultFileLockManager] Releasing lock on daemon addresses registry.
2026-02-26T20:39:24.530+0300 [DEBUG] [org.gradle.launcher.daemon.server.Daemon] Finished periodic daemon health check.
2026-02-26T20:39:34.523+0300 [DEBUG] [org.gradle.launcher.daemon.server.Daemon] Starting periodic daemon health check.
2026-02-26T20:39:34.527+0300 [DEBUG] [org.gradle.cache.internal.DefaultFileLockManager] Waiting to acquire shared lock on daemon addresses registry.
2026-02-26T20:39:34.528+0300 [DEBUG] [org.gradle.cache.internal.DefaultFileLockManager] Lock acquired on daemon addresses registry.
2026-02-26T20:39:34.528+0300 [DEBUG] [org.gradle.cache.internal.DefaultFileLockManager] Releasing lock on daemon addresses registry.
2026-02-26T20:39:34.535+0300 [DEBUG] [org.gradle.cache.internal.DefaultFileLockManager] Waiting to acquire shared lock on daemon addresses registry.
2026-02-26T20:39:34.535+0300 [DEBUG] [org.gradle.cache.internal.DefaultFileLockManager] Lock acquired on daemon addresses registry.
2026-02-26T20:39:34.535+0300 [DEBUG] [org.gradle.cache.internal.DefaultFileLockManager] Releasing lock on daemon addresses registry.
2026-02-26T20:39:34.538+0300 [DEBUG] [org.gradle.launcher.daemon.server.Daemon] Finished periodic daemon health check.
2026-02-26T20:39:44.523+0300 [DEBUG] [org.gradle.launcher.daemon.server.Daemon] Starting periodic daemon health check.
2026-02-26T20:39:44.528+0300 [DEBUG] [org.gradle.cache.internal.DefaultFileLockManager] Waiting to acquire shared lock on daemon addresses registry.
2026-02-26T20:39:44.529+0300 [DEBUG] [org.gradle.cache.internal.DefaultFileLockManager] Lock acquired on daemon addresses registry.
2026-02-26T20:39:44.529+0300 [DEBUG] [org.gradle.cache.internal.DefaultFileLockManager] Releasing lock on daemon addresses registry.
2026-02-26T20:39:44.535+0300 [DEBUG] [org.gradle.cache.internal.DefaultFileLockManager] Waiting to acquire shared lock on daemon addresses registry.
2026-02-26T20:39:44.535+0300 [DEBUG] [org.gradle.cache.internal.DefaultFileLockManager] Lock acquired on daemon addresses registry.
2026-02-26T20:39:44.535+0300 [DEBUG] [org.gradle.cache.internal.DefaultFileLockManager] Releasing lock on daemon addresses registry.
2026-02-26T20:39:44.538+0300 [DEBUG] [org.gradle.launcher.daemon.server.Daemon] Finished periodic daemon health check.
2026-02-26T20:39:54.518+0300 [DEBUG] [org.gradle.launcher.daemon.server.Daemon] Starting periodic daemon health check.
2026-02-26T20:39:54.522+0300 [DEBUG] [org.gradle.cache.internal.DefaultFileLockManager] Waiting to acquire shared lock on daemon addresses registry.
2026-02-26T20:39:54.522+0300 [DEBUG] [org.gradle.cache.internal.DefaultFileLockManager] Lock acquired on daemon addresses registry.
2026-02-26T20:39:54.522+0300 [DEBUG] [org.gradle.cache.internal.DefaultFileLockManager] Releasing lock on daemon addresses registry.
2026-02-26T20:39:54.530+0300 [DEBUG] [org.gradle.cache.internal.DefaultFileLockManager] Waiting to acquire shared lock on daemon addresses registry.
2026-02-26T20:39:54.530+0300 [DEBUG] [org.gradle.cache.internal.DefaultFileLockManager] Lock acquired on daemon addresses registry.
2026-02-26T20:39:54.531+0300 [DEBUG] [org.gradle.cache.internal.DefaultFileLockManager] Releasing lock on daemon addresses registry.
2026-02-26T20:39:54.533+0300 [DEBUG] [org.gradle.launcher.daemon.server.Daemon] Finished periodic daemon health check.
2026-02-26T20:40:04.526+0300 [DEBUG] [org.gradle.launcher.daemon.server.Daemon] Starting periodic daemon health check.
2026-02-26T20:40:04.530+0300 [DEBUG] [org.gradle.cache.internal.DefaultFileLockManager] Waiting to acquire shared lock on daemon addresses registry.
2026-02-26T20:40:04.530+0300 [DEBUG] [org.gradle.cache.internal.DefaultFileLockManager] Lock acquired on daemon addresses registry.
2026-02-26T20:40:04.531+0300 [DEBUG] [org.gradle.cache.internal.DefaultFileLockManager] Releasing lock on daemon addresses registry.
2026-02-26T20:40:04.539+0300 [DEBUG] [org.gradle.cache.internal.DefaultFileLockManager] Waiting to acquire shared lock on daemon addresses registry.
2026-02-26T20:40:04.539+0300 [DEBUG] [org.gradle.cache.internal.DefaultFileLockManager] Lock acquired on daemon addresses registry.
2026-02-26T20:40:04.539+0300 [DEBUG] [org.gradle.cache.internal.DefaultFileLockManager] Releasing lock on daemon addresses registry.
2026-02-26T20:40:04.543+0300 [DEBUG] [org.gradle.launcher.daemon.server.Daemon] Finished periodic daemon health check.
2026-02-26T20:40:14.523+0300 [DEBUG] [org.gradle.launcher.daemon.server.Daemon] Starting periodic daemon health check.
2026-02-26T20:40:14.527+0300 [DEBUG] [org.gradle.cache.internal.DefaultFileLockManager] Waiting to acquire shared lock on daemon addresses registry.
2026-02-26T20:40:14.527+0300 [DEBUG] [org.gradle.cache.internal.DefaultFileLockManager] Lock acquired on daemon addresses registry.
2026-02-26T20:40:14.528+0300 [DEBUG] [org.gradle.cache.internal.DefaultFileLockManager] Releasing lock on daemon addresses registry.
2026-02-26T20:40:14.534+0300 [DEBUG] [org.gradle.cache.internal.DefaultFileLockManager] Waiting to acquire shared lock on daemon addresses registry.
2026-02-26T20:40:14.534+0300 [DEBUG] [org.gradle.cache.internal.DefaultFileLockManager] Lock acquired on daemon addresses registry.
2026-02-26T20:40:14.535+0300 [DEBUG] [org.gradle.cache.internal.DefaultFileLockManager] Releasing lock on daemon addresses registry.
2026-02-26T20:40:14.537+0300 [DEBUG] [org.gradle.launcher.daemon.server.Daemon] Finished periodic daemon health check.
2026-02-26T20:40:24.686+0300 [DEBUG] [org.gradle.launcher.daemon.server.Daemon] Starting periodic daemon health check.
2026-02-26T20:40:24.752+0300 [DEBUG] [org.gradle.cache.internal.DefaultFileLockManager] Waiting to acquire shared lock on daemon addresses registry.
2026-02-26T20:40:24.752+0300 [DEBUG] [org.gradle.cache.internal.DefaultFileLockManager] Lock acquired on daemon addresses registry.
2026-02-26T20:40:24.753+0300 [DEBUG] [org.gradle.cache.internal.DefaultFileLockManager] Releasing lock on daemon addresses registry.
2026-02-26T20:40:24.787+0300 [DEBUG] [org.gradle.cache.internal.DefaultFileLockManager] Waiting to acquire shared lock on daemon addresses registry.
2026-02-26T20:40:24.788+0300 [DEBUG] [org.gradle.cache.internal.DefaultFileLockManager] Lock acquired on daemon addresses registry.
2026-02-26T20:40:24.789+0300 [DEBUG] [org.gradle.cache.internal.DefaultFileLockManager] Releasing lock on daemon addresses registry.
2026-02-26T20:40:24.810+0300 [DEBUG] [org.gradle.launcher.daemon.server.Daemon] Finished periodic daemon health check.
2026-02-26T20:40:34.513+0300 [DEBUG] [org.gradle.launcher.daemon.server.Daemon] Starting periodic daemon health check.
2026-02-26T20:40:34.520+0300 [DEBUG] [org.gradle.cache.internal.DefaultFileLockManager] Waiting to acquire shared lock on daemon addresses registry.
2026-02-26T20:40:34.520+0300 [DEBUG] [org.gradle.cache.internal.DefaultFileLockManager] Lock acquired on daemon addresses registry.
2026-02-26T20:40:34.521+0300 [DEBUG] [org.gradle.cache.internal.DefaultFileLockManager] Releasing lock on daemon addresses registry.
2026-02-26T20:40:34.530+0300 [DEBUG] [org.gradle.cache.internal.DefaultFileLockManager] Waiting to acquire shared lock on daemon addresses registry.
2026-02-26T20:40:34.530+0300 [DEBUG] [org.gradle.cache.internal.DefaultFileLockManager] Lock acquired on daemon addresses registry.
2026-02-26T20:40:34.530+0300 [DEBUG] [org.gradle.cache.internal.DefaultFileLockManager] Releasing lock on daemon addresses registry.
2026-02-26T20:40:34.535+0300 [DEBUG] [org.gradle.launcher.daemon.server.Daemon] Finished periodic daemon health check.
2026-02-26T20:40:44.514+0300 [DEBUG] [org.gradle.launcher.daemon.server.Daemon] Starting periodic daemon health check.
2026-02-26T20:40:44.518+0300 [DEBUG] [org.gradle.cache.internal.DefaultFileLockManager] Waiting to acquire shared lock on daemon addresses registry.
2026-02-26T20:40:44.518+0300 [DEBUG] [org.gradle.cache.internal.DefaultFileLockManager] Lock acquired on daemon addresses registry.
2026-02-26T20:40:44.518+0300 [DEBUG] [org.gradle.cache.internal.DefaultFileLockManager] Releasing lock on daemon addresses registry.
2026-02-26T20:40:44.527+0300 [DEBUG] [org.gradle.cache.internal.DefaultFileLockManager] Waiting to acquire shared lock on daemon addresses registry.
2026-02-26T20:40:44.527+0300 [DEBUG] [org.gradle.cache.internal.DefaultFileLockManager] Lock acquired on daemon addresses registry.
2026-02-26T20:40:44.527+0300 [DEBUG] [org.gradle.cache.internal.DefaultFileLockManager] Releasing lock on daemon addresses registry.
2026-02-26T20:40:44.532+0300 [DEBUG] [org.gradle.launcher.daemon.server.Daemon] Finished periodic daemon health check.
2026-02-26T20:40:54.525+0300 [DEBUG] [org.gradle.launcher.daemon.server.Daemon] Starting periodic daemon health check.
2026-02-26T20:40:54.533+0300 [DEBUG] [org.gradle.cache.internal.DefaultFileLockManager] Waiting to acquire shared lock on daemon addresses registry.
2026-02-26T20:40:54.533+0300 [DEBUG] [org.gradle.cache.internal.DefaultFileLockManager] Lock acquired on daemon addresses registry.
2026-02-26T20:40:54.534+0300 [DEBUG] [org.gradle.cache.internal.DefaultFileLockManager] Releasing lock on daemon addresses registry.
2026-02-26T20:40:54.542+0300 [DEBUG] [org.gradle.cache.internal.DefaultFileLockManager] Waiting to acquire shared lock on daemon addresses registry.
2026-02-26T20:40:54.542+0300 [DEBUG] [org.gradle.cache.internal.DefaultFileLockManager] Lock acquired on daemon addresses registry.
2026-02-26T20:40:54.543+0300 [DEBUG] [org.gradle.cache.internal.DefaultFileLockManager] Releasing lock on daemon addresses registry.
2026-02-26T20:40:54.547+0300 [DEBUG] [org.gradle.launcher.daemon.server.Daemon] Finished periodic daemon health check.
2026-02-26T20:41:04.518+0300 [DEBUG] [org.gradle.launcher.daemon.server.Daemon] Starting periodic daemon health check.
2026-02-26T20:41:04.523+0300 [DEBUG] [org.gradle.cache.internal.DefaultFileLockManager] Waiting to acquire shared lock on daemon addresses registry.
2026-02-26T20:41:04.523+0300 [DEBUG] [org.gradle.cache.internal.DefaultFileLockManager] Lock acquired on daemon addresses registry.
2026-02-26T20:41:04.523+0300 [DEBUG] [org.gradle.cache.internal.DefaultFileLockManager] Releasing lock on daemon addresses registry.
2026-02-26T20:41:04.531+0300 [DEBUG] [org.gradle.cache.internal.DefaultFileLockManager] Waiting to acquire shared lock on daemon addresses registry.
2026-02-26T20:41:04.531+0300 [DEBUG] [org.gradle.cache.internal.DefaultFileLockManager] Lock acquired on daemon addresses registry.
2026-02-26T20:41:04.532+0300 [DEBUG] [org.gradle.cache.internal.DefaultFileLockManager] Releasing lock on daemon addresses registry.
2026-02-26T20:41:04.535+0300 [DEBUG] [org.gradle.launcher.daemon.server.Daemon] Finished periodic daemon health check.
2026-02-26T20:41:14.522+0300 [DEBUG] [org.gradle.launcher.daemon.server.Daemon] Starting periodic daemon health check.
2026-02-26T20:41:14.526+0300 [DEBUG] [org.gradle.cache.internal.DefaultFileLockManager] Waiting to acquire shared lock on daemon addresses registry.
2026-02-26T20:41:14.526+0300 [DEBUG] [org.gradle.cache.internal.DefaultFileLockManager] Lock acquired on daemon addresses registry.
2026-02-26T20:41:14.526+0300 [DEBUG] [org.gradle.cache.internal.DefaultFileLockManager] Releasing lock on daemon addresses registry.
2026-02-26T20:41:14.532+0300 [DEBUG] [org.gradle.cache.internal.DefaultFileLockManager] Waiting to acquire shared lock on daemon addresses registry.
2026-02-26T20:41:14.532+0300 [DEBUG] [org.gradle.cache.internal.DefaultFileLockManager] Lock acquired on daemon addresses registry.
2026-02-26T20:41:14.532+0300 [DEBUG] [org.gradle.cache.internal.DefaultFileLockManager] Releasing lock on daemon addresses registry.
2026-02-26T20:41:14.536+0300 [DEBUG] [org.gradle.launcher.daemon.server.Daemon] Finished periodic daemon health check.
2026-02-26T20:41:24.520+0300 [DEBUG] [org.gradle.launcher.daemon.server.Daemon] Starting periodic daemon health check.
2026-02-26T20:41:24.526+0300 [DEBUG] [org.gradle.cache.internal.DefaultFileLockManager] Waiting to acquire shared lock on daemon addresses registry.
2026-02-26T20:41:24.526+0300 [DEBUG] [org.gradle.cache.internal.DefaultFileLockManager] Lock acquired on daemon addresses registry.
2026-02-26T20:41:24.526+0300 [DEBUG] [org.gradle.cache.internal.DefaultFileLockManager] Releasing lock on daemon addresses registry.
2026-02-26T20:41:24.533+0300 [DEBUG] [org.gradle.cache.internal.DefaultFileLockManager] Waiting to acquire shared lock on daemon addresses registry.
2026-02-26T20:41:24.533+0300 [DEBUG] [org.gradle.cache.internal.DefaultFileLockManager] Lock acquired on daemon addresses registry.
2026-02-26T20:41:24.534+0300 [DEBUG] [org.gradle.cache.internal.DefaultFileLockManager] Releasing lock on daemon addresses registry.
2026-02-26T20:41:24.537+0300 [DEBUG] [org.gradle.launcher.daemon.server.Daemon] Finished periodic daemon health check.
2026-02-26T20:41:34.513+0300 [DEBUG] [org.gradle.launcher.daemon.server.Daemon] Starting periodic daemon health check.
2026-02-26T20:41:34.517+0300 [DEBUG] [org.gradle.cache.internal.DefaultFileLockManager] Waiting to acquire shared lock on daemon addresses registry.
2026-02-26T20:41:34.517+0300 [DEBUG] [org.gradle.cache.internal.DefaultFileLockManager] Lock acquired on daemon addresses registry.
2026-02-26T20:41:34.517+0300 [DEBUG] [org.gradle.cache.internal.DefaultFileLockManager] Releasing lock on daemon addresses registry.
2026-02-26T20:41:34.523+0300 [DEBUG] [org.gradle.cache.internal.DefaultFileLockManager] Waiting to acquire shared lock on daemon addresses registry.
2026-02-26T20:41:34.523+0300 [DEBUG] [org.gradle.cache.internal.DefaultFileLockManager] Lock acquired on daemon addresses registry.
2026-02-26T20:41:34.524+0300 [DEBUG] [org.gradle.cache.internal.DefaultFileLockManager] Releasing lock on daemon addresses registry.
2026-02-26T20:41:34.526+0300 [DEBUG] [org.gradle.launcher.daemon.server.Daemon] Finished periodic daemon health check.
2026-02-26T20:41:43.976+0300 [DEBUG] [org.gradle.internal.watch.vfs.impl.WatchingVirtualFileSystem] Handling VFS change CREATED D:\Droid\Projects\HabitTrack\app\src\main\res\drawable\logo1.png
2026-02-26T20:41:44.522+0300 [DEBUG] [org.gradle.launcher.daemon.server.Daemon] Starting periodic daemon health check.
2026-02-26T20:41:44.526+0300 [DEBUG] [org.gradle.cache.internal.DefaultFileLockManager] Waiting to acquire shared lock on daemon addresses registry.
2026-02-26T20:41:44.526+0300 [DEBUG] [org.gradle.cache.internal.DefaultFileLockManager] Lock acquired on daemon addresses registry.
2026-02-26T20:41:44.527+0300 [DEBUG] [org.gradle.cache.internal.DefaultFileLockManager] Releasing lock on daemon addresses registry.
2026-02-26T20:41:44.533+0300 [DEBUG] [org.gradle.cache.internal.DefaultFileLockManager] Waiting to acquire shared lock on daemon addresses registry.
2026-02-26T20:41:44.533+0300 [DEBUG] [org.gradle.cache.internal.DefaultFileLockManager] Lock acquired on daemon addresses registry.
2026-02-26T20:41:44.533+0300 [DEBUG] [org.gradle.cache.internal.DefaultFileLockManager] Releasing lock on daemon addresses registry.
2026-02-26T20:41:44.537+0300 [DEBUG] [org.gradle.launcher.daemon.server.Daemon] Finished periodic daemon health check.
2026-02-26T20:41:54.608+0300 [DEBUG] [org.gradle.launcher.daemon.server.Daemon] Starting periodic daemon health check.
2026-02-26T20:41:54.624+0300 [DEBUG] [org.gradle.cache.internal.DefaultFileLockManager] Waiting to acquire shared lock on daemon addresses registry.
2026-02-26T20:41:54.624+0300 [DEBUG] [org.gradle.cache.internal.DefaultFileLockManager] Lock acquired on daemon addresses registry.
2026-02-26T20:41:54.624+0300 [DEBUG] [org.gradle.cache.internal.DefaultFileLockManager] Releasing lock on daemon addresses registry.
2026-02-26T20:41:54.827+0300 [DEBUG] [org.gradle.cache.internal.DefaultFileLockManager] Waiting to acquire shared lock on daemon addresses registry.
2026-02-26T20:41:54.827+0300 [DEBUG] [org.gradle.cache.internal.DefaultFileLockManager] Lock acquired on daemon addresses registry.
2026-02-26T20:41:54.827+0300 [DEBUG] [org.gradle.cache.internal.DefaultFileLockManager] Releasing lock on daemon addresses registry.
2026-02-26T20:41:54.837+0300 [DEBUG] [org.gradle.launcher.daemon.server.Daemon] Finished periodic daemon health check.
2026-02-26T20:42:04.523+0300 [DEBUG] [org.gradle.launcher.daemon.server.Daemon] Starting periodic daemon health check.
2026-02-26T20:42:04.528+0300 [DEBUG] [org.gradle.cache.internal.DefaultFileLockManager] Waiting to acquire shared lock on daemon addresses registry.
2026-02-26T20:42:04.529+0300 [DEBUG] [org.gradle.cache.internal.DefaultFileLockManager] Lock acquired on daemon addresses registry.
2026-02-26T20:42:04.529+0300 [DEBUG] [org.gradle.cache.internal.DefaultFileLockManager] Releasing lock on daemon addresses registry.
2026-02-26T20:42:04.536+0300 [DEBUG] [org.gradle.cache.internal.DefaultFileLockManager] Waiting to acquire shared lock on daemon addresses registry.
2026-02-26T20:42:04.536+0300 [DEBUG] [org.gradle.cache.internal.DefaultFileLockManager] Lock acquired on daemon addresses registry.
2026-02-26T20:42:04.536+0300 [DEBUG] [org.gradle.cache.internal.DefaultFileLockManager] Releasing lock on daemon addresses registry.
2026-02-26T20:42:04.540+0300 [DEBUG] [org.gradle.launcher.daemon.server.Daemon] Finished periodic daemon health check.
2026-02-26T20:42:14.525+0300 [DEBUG] [org.gradle.launcher.daemon.server.Daemon] Starting periodic daemon health check.
2026-02-26T20:42:14.529+0300 [DEBUG] [org.gradle.cache.internal.DefaultFileLockManager] Waiting to acquire shared lock on daemon addresses registry.
2026-02-26T20:42:14.529+0300 [DEBUG] [org.gradle.cache.internal.DefaultFileLockManager] Lock acquired on daemon addresses registry.
2026-02-26T20:42:14.529+0300 [DEBUG] [org.gradle.cache.internal.DefaultFileLockManager] Releasing lock on daemon addresses registry.
2026-02-26T20:42:14.537+0300 [DEBUG] [org.gradle.cache.internal.DefaultFileLockManager] Waiting to acquire shared lock on daemon addresses registry.
2026-02-26T20:42:14.537+0300 [DEBUG] [org.gradle.cache.internal.DefaultFileLockManager] Lock acquired on daemon addresses registry.
2026-02-26T20:42:14.538+0300 [DEBUG] [org.gradle.cache.internal.DefaultFileLockManager] Releasing lock on daemon addresses registry.
2026-02-26T20:42:14.541+0300 [DEBUG] [org.gradle.launcher.daemon.server.Daemon] Finished periodic daemon health check.
2026-02-26T20:42:24.522+0300 [DEBUG] [org.gradle.launcher.daemon.server.Daemon] Starting periodic daemon health check.
2026-02-26T20:42:24.526+0300 [DEBUG] [org.gradle.cache.internal.DefaultFileLockManager] Waiting to acquire shared lock on daemon addresses registry.
2026-02-26T20:42:24.526+0300 [DEBUG] [org.gradle.cache.internal.DefaultFileLockManager] Lock acquired on daemon addresses registry.
2026-02-26T20:42:24.526+0300 [DEBUG] [org.gradle.cache.internal.DefaultFileLockManager] Releasing lock on daemon addresses registry.
2026-02-26T20:42:24.534+0300 [DEBUG] [org.gradle.cache.internal.DefaultFileLockManager] Waiting to acquire shared lock on daemon addresses registry.
2026-02-26T20:42:24.534+0300 [DEBUG] [org.gradle.cache.internal.DefaultFileLockManager] Lock acquired on daemon addresses registry.
2026-02-26T20:42:24.534+0300 [DEBUG] [org.gradle.cache.internal.DefaultFileLockManager] Releasing lock on daemon addresses registry.
2026-02-26T20:42:24.537+0300 [DEBUG] [org.gradle.launcher.daemon.server.Daemon] Finished periodic daemon health check.
2026-02-26T20:42:34.521+0300 [DEBUG] [org.gradle.launcher.daemon.server.Daemon] Starting periodic daemon health check.
2026-02-26T20:42:34.524+0300 [DEBUG] [org.gradle.cache.internal.DefaultFileLockManager] Waiting to acquire shared lock on daemon addresses registry.
2026-02-26T20:42:34.524+0300 [DEBUG] [org.gradle.cache.internal.DefaultFileLockManager] Lock acquired on daemon addresses registry.
2026-02-26T20:42:34.524+0300 [DEBUG] [org.gradle.cache.internal.DefaultFileLockManager] Releasing lock on daemon addresses registry.
2026-02-26T20:42:34.532+0300 [DEBUG] [org.gradle.cache.internal.DefaultFileLockManager] Waiting to acquire shared lock on daemon addresses registry.
2026-02-26T20:42:34.533+0300 [DEBUG] [org.gradle.cache.internal.DefaultFileLockManager] Lock acquired on daemon addresses registry.
2026-02-26T20:42:34.533+0300 [DEBUG] [org.gradle.cache.internal.DefaultFileLockManager] Releasing lock on daemon addresses registry.
2026-02-26T20:42:34.536+0300 [DEBUG] [org.gradle.launcher.daemon.server.Daemon] Finished periodic daemon health check.
2026-02-26T20:42:44.524+0300 [DEBUG] [org.gradle.launcher.daemon.server.Daemon] Starting periodic daemon health check.
2026-02-26T20:42:44.527+0300 [DEBUG] [org.gradle.cache.internal.DefaultFileLockManager] Waiting to acquire shared lock on daemon addresses registry.
2026-02-26T20:42:44.528+0300 [DEBUG] [org.gradle.cache.internal.DefaultFileLockManager] Lock acquired on daemon addresses registry.
2026-02-26T20:42:44.528+0300 [DEBUG] [org.gradle.cache.internal.DefaultFileLockManager] Releasing lock on daemon addresses registry.
2026-02-26T20:42:44.535+0300 [DEBUG] [org.gradle.cache.internal.DefaultFileLockManager] Waiting to acquire shared lock on daemon addresses registry.
2026-02-26T20:42:44.535+0300 [DEBUG] [org.gradle.cache.internal.DefaultFileLockManager] Lock acquired on daemon addresses registry.
2026-02-26T20:42:44.535+0300 [DEBUG] [org.gradle.cache.internal.DefaultFileLockManager] Releasing lock on daemon addresses registry.
2026-02-26T20:42:44.538+0300 [DEBUG] [org.gradle.launcher.daemon.server.Daemon] Finished periodic daemon health check.
2026-02-26T20:42:54.525+0300 [DEBUG] [org.gradle.launcher.daemon.server.Daemon] Starting periodic daemon health check.
2026-02-26T20:42:54.528+0300 [DEBUG] [org.gradle.cache.internal.DefaultFileLockManager] Waiting to acquire shared lock on daemon addresses registry.
2026-02-26T20:42:54.529+0300 [DEBUG] [org.gradle.cache.internal.DefaultFileLockManager] Lock acquired on daemon addresses registry.
2026-02-26T20:42:54.529+0300 [DEBUG] [org.gradle.cache.internal.DefaultFileLockManager] Releasing lock on daemon addresses registry.
2026-02-26T20:42:54.536+0300 [DEBUG] [org.gradle.cache.internal.DefaultFileLockManager] Waiting to acquire shared lock on daemon addresses registry.
2026-02-26T20:42:54.536+0300 [DEBUG] [org.gradle.cache.internal.DefaultFileLockManager] Lock acquired on daemon addresses registry.
2026-02-26T20:42:54.536+0300 [DEBUG] [org.gradle.cache.internal.DefaultFileLockManager] Releasing lock on daemon addresses registry.
2026-02-26T20:42:54.539+0300 [DEBUG] [org.gradle.launcher.daemon.server.Daemon] Finished periodic daemon health check.
2026-02-26T20:43:00.000+0300 [DEBUG] [org.gradle.internal.watch.vfs.impl.WatchingVirtualFileSystem] Handling VFS change MODIFIED D:\Droid\Projects\HabitTrack\app\src\main\res\drawable\ic_launcher_background.xml
2026-02-26T20:43:00.152+0300 [DEBUG] [org.gradle.internal.watch.vfs.impl.WatchingVirtualFileSystem] Handling VFS change MODIFIED D:\Droid\Projects\HabitTrack\app\src\main\res\mipmap-hdpi\ic_launcher_round.webp
2026-02-26T20:43:00.185+0300 [DEBUG] [org.gradle.internal.watch.vfs.impl.WatchingVirtualFileSystem] Handling VFS change MODIFIED D:\Droid\Projects\HabitTrack\app\src\main\res\mipmap-xhdpi\ic_launcher_round.webp
2026-02-26T20:43:00.370+0300 [DEBUG] [org.gradle.internal.watch.vfs.impl.WatchingVirtualFileSystem] Handling VFS change MODIFIED D:\Droid\Projects\HabitTrack\app\src\main\res\mipmap-xxhdpi\ic_launcher.webp
2026-02-26T20:43:00.381+0300 [DEBUG] [org.gradle.internal.watch.vfs.impl.WatchingVirtualFileSystem] Handling VFS change MODIFIED D:\Droid\Projects\HabitTrack\app\src\main\res\mipmap-mdpi\ic_launcher_round.webp
2026-02-26T20:43:00.397+0300 [DEBUG] [org.gradle.internal.watch.vfs.impl.WatchingVirtualFileSystem] Handling VFS change MODIFIED D:\Droid\Projects\HabitTrack\app\src\main\res\mipmap-hdpi\ic_launcher.webp
2026-02-26T20:43:00.409+0300 [DEBUG] [org.gradle.internal.watch.vfs.impl.WatchingVirtualFileSystem] Handling VFS change MODIFIED D:\Droid\Projects\HabitTrack\app\src\main\res\mipmap-mdpi\ic_launcher.webp
2026-02-26T20:43:00.581+0300 [DEBUG] [org.gradle.internal.watch.vfs.impl.WatchingVirtualFileSystem] Handling VFS change MODIFIED D:\Droid\Projects\HabitTrack\app\src\main\res\mipmap-xxxhdpi\ic_launcher_round.webp
2026-02-26T20:43:00.602+0300 [DEBUG] [org.gradle.internal.watch.vfs.impl.WatchingVirtualFileSystem] Handling VFS change MODIFIED D:\Droid\Projects\HabitTrack\app\src\main\res\mipmap-xhdpi\ic_launcher.webp
2026-02-26T20:43:00.657+0300 [DEBUG] [org.gradle.internal.watch.vfs.impl.WatchingVirtualFileSystem] Handling VFS change MODIFIED D:\Droid\Projects\HabitTrack\app\src\main\res\mipmap-xxxhdpi\ic_launcher.webp
2026-02-26T20:43:00.959+0300 [DEBUG] [org.gradle.internal.watch.vfs.impl.WatchingVirtualFileSystem] Handling VFS change MODIFIED D:\Droid\Projects\HabitTrack\app\src\main\res\mipmap-xxhdpi\ic_launcher_round.webp
2026-02-26T20:43:00.962+0300 [DEBUG] [org.gradle.internal.watch.vfs.impl.WatchingVirtualFileSystem] Handling VFS change REMOVED D:\Droid\Projects\HabitTrack\app\src\main\res\mipmap-anydpi\ic_launcher.xml
2026-02-26T20:43:00.963+0300 [DEBUG] [org.gradle.internal.watch.vfs.impl.WatchingVirtualFileSystem] Handling VFS change REMOVED D:\Droid\Projects\HabitTrack\app\src\main\res\mipmap-anydpi\ic_launcher_round.xml
2026-02-26T20:43:04.519+0300 [DEBUG] [org.gradle.launcher.daemon.server.Daemon] Starting periodic daemon health check.
2026-02-26T20:43:04.524+0300 [DEBUG] [org.gradle.cache.internal.DefaultFileLockManager] Waiting to acquire shared lock on daemon addresses registry.
2026-02-26T20:43:04.524+0300 [DEBUG] [org.gradle.cache.internal.DefaultFileLockManager] Lock acquired on daemon addresses registry.
2026-02-26T20:43:04.524+0300 [DEBUG] [org.gradle.cache.internal.DefaultFileLockManager] Releasing lock on daemon addresses registry.
2026-02-26T20:43:04.532+0300 [DEBUG] [org.gradle.cache.internal.DefaultFileLockManager] Waiting to acquire shared lock on daemon addresses registry.
2026-02-26T20:43:04.532+0300 [DEBUG] [org.gradle.cache.internal.DefaultFileLockManager] Lock acquired on daemon addresses registry.
2026-02-26T20:43:04.533+0300 [DEBUG] [org.gradle.cache.internal.DefaultFileLockManager] Releasing lock on daemon addresses registry.
2026-02-26T20:43:04.537+0300 [DEBUG] [org.gradle.launcher.daemon.server.Daemon] Finished periodic daemon health check.
2026-02-26T20:43:10.851+0300 [DEBUG] [org.gradle.internal.remote.internal.inet.TcpIncomingConnector] Accepted connection from /127.0.0.1:64991 to /127.0.0.1:61069.
2026-02-26T20:43:10.854+0300 [DEBUG] [org.gradle.launcher.daemon.server.SynchronizedDispatchConnection] thread 219: received class org.gradle.launcher.daemon.protocol.Build
2026-02-26T20:43:10.854+0300 [DEBUG] [org.gradle.launcher.daemon.server.DefaultDaemonConnection] thread 219: Received non-IO message from client: Build{id=3fcfd75b-4a2d-47be-ae71-5967698a028d, currentDir=D:\Droid\Projects\HabitTrack}
2026-02-26T20:43:10.854+0300 [INFO] [org.gradle.launcher.daemon.server.DefaultIncomingConnectionHandler] Received command: Build{id=3fcfd75b-4a2d-47be-ae71-5967698a028d, currentDir=D:\Droid\Projects\HabitTrack}.
2026-02-26T20:43:10.854+0300 [DEBUG] [org.gradle.launcher.daemon.server.DefaultIncomingConnectionHandler] Starting executing command: Build{id=3fcfd75b-4a2d-47be-ae71-5967698a028d, currentDir=D:\Droid\Projects\HabitTrack} with connection: socket connection from /127.0.0.1:61069 to /127.0.0.1:64991.
2026-02-26T20:43:10.854+0300 [DEBUG] [org.gradle.launcher.daemon.server.DaemonStateCoordinator] Command execution: started DaemonCommandExecution[command = Build{id=3fcfd75b-4a2d-47be-ae71-5967698a028d, currentDir=D:\Droid\Projects\HabitTrack}, connection = DefaultDaemonConnection: socket connection from /127.0.0.1:61069 to /127.0.0.1:64991] after 7.3269166666666665 minutes of idle
2026-02-26T20:43:10.855+0300 [INFO] [org.gradle.launcher.daemon.server.DaemonRegistryUpdater] Marking the daemon as busy, address: [23173140-43e1-476c-af1c-536fafbc6669 port:61069, addresses:[localhost/127.0.0.1]]
2026-02-26T20:43:10.855+0300 [DEBUG] [org.gradle.launcher.daemon.registry.PersistentDaemonRegistry] Marking busy by address: [23173140-43e1-476c-af1c-536fafbc6669 port:61069, addresses:[localhost/127.0.0.1]]
2026-02-26T20:43:10.860+0300 [DEBUG] [org.gradle.cache.internal.DefaultFileLockManager] Waiting to acquire exclusive lock on daemon addresses registry.
2026-02-26T20:43:10.860+0300 [DEBUG] [org.gradle.cache.internal.DefaultFileLockManager] Lock acquired on daemon addresses registry.
2026-02-26T20:43:10.861+0300 [DEBUG] [org.gradle.cache.internal.DefaultFileLockManager] Releasing lock on daemon addresses registry.
2026-02-26T20:43:10.866+0300 [DEBUG] [org.gradle.launcher.daemon.server.DaemonStateCoordinator] resetting idle timer
2026-02-26T20:43:10.866+0300 [DEBUG] [org.gradle.launcher.daemon.server.DaemonStateCoordinator] daemon is running. Sleeping until state changes.
2026-02-26T20:43:10.867+0300 [INFO] [org.gradle.launcher.daemon.server.exec.StartBuildOrRespondWithBusy] Daemon is about to start building Build{id=3fcfd75b-4a2d-47be-ae71-5967698a028d, currentDir=D:\Droid\Projects\HabitTrack}. Dispatching build started information...
2026-02-26T20:43:10.867+0300 [DEBUG] [org.gradle.launcher.daemon.server.SynchronizedDispatchConnection] thread 221: dispatching org.gradle.launcher.daemon.protocol.BuildStarted@c993fce
2026-02-26T20:43:10.868+0300 [DEBUG] [org.gradle.launcher.daemon.server.exec.EstablishBuildEnvironment] Configuring env variables: [USERDOMAIN_ROAMINGPROFILE, LOCALAPPDATA, PROCESSOR_LEVEL, USERDOMAIN, LOGONSERVER, FPS_BROWSER_APP_PROFILE_STRING, SESSIONNAME, ALLUSERSPROFILE, PROCESSOR_ARCHITECTURE, PSModulePath, SystemDrive, OneDrive, EFC_7876, APPDATA, USERNAME, ProgramFiles(x86), CommonProgramFiles, Path, FPS_BROWSER_USER_PROFILE_STRING, PATHEXT, DriverData, OS, COMPUTERNAME, PROCESSOR_REVISION, CommonProgramW6432, ComSpec, ProgramData, ProgramW6432, TEMP, HOMEPATH, SystemRoot, PROCESSOR_IDENTIFIER, HOMEDRIVE, USERPROFILE, TMP, CommonProgramFiles(x86), ProgramFiles, PUBLIC, windir, NUMBER_OF_PROCESSORS, =::]
2026-02-26T20:43:10.868+0300 [DEBUG] [org.gradle.launcher.daemon.server.exec.LogToClient] About to start relaying all logs to the client via the connection.
2026-02-26T20:43:10.869+0300 [INFO] [org.gradle.launcher.daemon.server.exec.LogToClient] The client will now receive all logging from the daemon (pid: 20604). The daemon log file: D:\Droid\Projects\HabitTrack\daemon\9.3.0\daemon-20604.out.log
2026-02-26T20:43:10.870+0300 [INFO] [org.gradle.launcher.daemon.server.exec.LogAndCheckHealth] Starting 2nd build in daemon [uptime: 7 mins 46.686 secs, performance: 99%, GC rate: 0.00/s, heap usage: 0% of 2 GiB]
2026-02-26T20:43:10.870+0300 [DEBUG] [org.gradle.launcher.daemon.server.exec.ExecuteBuild] The daemon has started executing the build.
2026-02-26T20:43:10.870+0300 [DEBUG] [org.gradle.launcher.daemon.server.exec.ExecuteBuild] Executing build with daemon context: DefaultDaemonContext[uid=f382c510-9065-4eee-ba76-1c28373d147c,javaHome=D:\Droid\jbr,javaVersion=21,javaVendor=JetBrains s.r.o.,daemonRegistryDir=D:\Droid\Projects\HabitTrack\daemon,pid=20604,idleTimeout=10800000,priority=NORMAL,applyInstrumentationAgent=true,nativeServicesMode=ENABLED,daemonOpts=-Xmx2048m,-Dfile.encoding=UTF-8,-Duser.country=RU,-Duser.language=ru,-Duser.variant]

[Incubating] Problems report is available at: file:///D:/Droid/Projects/HabitTrack/build/reports/problems/problems-report.html

Deprecated Gradle features were used in this build, making it incompatible with Gradle 10.

You can use '--warning-mode all' to show the individual deprecation warnings and determine if they come from your own scripts or plugins.

For more on this, please refer to https://docs.gradle.org/9.3.0/userguide/command_line_interface.html#sec:command_line_warnings in the Gradle documentation.

BUILD SUCCESSFUL in 1s
1 actionable task: 1 executed
Consider enabling configuration cache to speed up this build: https://docs.gradle.org/9.3.0/userguide/configuration_cache_enabling.html
2026-02-26T20:43:12.214+0300 [DEBUG] [org.gradle.launcher.daemon.server.exec.ExecuteBuild] The daemon has finished executing the build.
2026-02-26T20:43:12.231+0300 [DEBUG] [org.gradle.launcher.daemon.server.DaemonStateCoordinator] daemon is running. Sleeping until state changes.
2026-02-26T20:43:12.231+0300 [DEBUG] [org.gradle.launcher.daemon.server.DaemonStateCoordinator] Command execution: finished waiting for DaemonCommandExecution[command = Build{id=3fcfd75b-4a2d-47be-ae71-5967698a028d, currentDir=D:\Droid\Projects\HabitTrack}, connection = DefaultDaemonConnection: socket connection from /127.0.0.1:61069 to /127.0.0.1:64991]. Result org.gradle.launcher.daemon.server.DaemonStateCoordinator@110887b5 with state Busy
2026-02-26T20:43:12.231+0300 [DEBUG] [org.gradle.launcher.daemon.server.DaemonStateCoordinator] Command execution: completed DaemonCommandExecution[command = Build{id=3fcfd75b-4a2d-47be-ae71-5967698a028d, currentDir=D:\Droid\Projects\HabitTrack}, connection = DefaultDaemonConnection: socket connection from /127.0.0.1:61069 to /127.0.0.1:64991]
2026-02-26T20:43:12.231+0300 [DEBUG] [org.gradle.launcher.daemon.server.DaemonStateCoordinator] resetting idle timer
2026-02-26T20:43:12.231+0300 [INFO] [org.gradle.launcher.daemon.server.DaemonRegistryUpdater] Marking the daemon as idle, address: [23173140-43e1-476c-af1c-536fafbc6669 port:61069, addresses:[localhost/127.0.0.1]]
2026-02-26T20:43:12.231+0300 [DEBUG] [org.gradle.launcher.daemon.registry.PersistentDaemonRegistry] Marking busy by address: [23173140-43e1-476c-af1c-536fafbc6669 port:61069, addresses:[localhost/127.0.0.1]]
2026-02-26T20:43:12.236+0300 [DEBUG] [org.gradle.cache.internal.DefaultFileLockManager] Waiting to acquire exclusive lock on daemon addresses registry.
2026-02-26T20:43:12.236+0300 [DEBUG] [org.gradle.cache.internal.DefaultFileLockManager] Lock acquired on daemon addresses registry.
2026-02-26T20:43:12.237+0300 [DEBUG] [org.gradle.cache.internal.DefaultFileLockManager] Releasing lock on daemon addresses registry.
2026-02-26T20:43:12.243+0300 [DEBUG] [org.gradle.launcher.daemon.server.DaemonStateCoordinator] daemon is running. Sleeping until state changes.
2026-02-26T20:43:12.243+0300 [DEBUG] [org.gradle.launcher.daemon.server.exec.ReturnResult] Daemon is dispatching the build result: Success[value=org.gradle.launcher.exec.BuildActionResult@77f17ec8]
2026-02-26T20:43:12.243+0300 [DEBUG] [org.gradle.launcher.daemon.server.SynchronizedDispatchConnection] thread 218: dispatching Success[value=org.gradle.launcher.exec.BuildActionResult@77f17ec8]
2026-02-26T20:43:12.244+0300 [DEBUG] [org.gradle.launcher.daemon.server.SynchronizedDispatchConnection] thread 219: received class org.gradle.launcher.daemon.protocol.CloseInput
2026-02-26T20:43:12.244+0300 [DEBUG] [org.gradle.launcher.daemon.server.DefaultIncomingConnectionHandler] Finishing executing command: Build{id=3fcfd75b-4a2d-47be-ae71-5967698a028d, currentDir=D:\Droid\Projects\HabitTrack}
2026-02-26T20:43:12.244+0300 [DEBUG] [org.gradle.launcher.daemon.server.DefaultDaemonConnection] thread 219: Received IO message from client: org.gradle.launcher.daemon.protocol.CloseInput@2a8ed2bd
2026-02-26T20:43:12.244+0300 [DEBUG] [org.gradle.launcher.daemon.server.exec.CleanUpVirtualFileSystemAfterBuild] Cleaning virtual file system after build finished
2026-02-26T20:43:12.244+0300 [DEBUG] [org.gradle.launcher.daemon.server.SynchronizedDispatchConnection] thread 219: received class org.gradle.launcher.daemon.protocol.Finished
2026-02-26T20:43:12.244+0300 [DEBUG] [org.gradle.launcher.daemon.server.DefaultDaemonConnection] thread 219: Received non-IO message from client: org.gradle.launcher.daemon.protocol.Finished@2449299c
2026-02-26T20:43:12.244+0300 [DEBUG] [org.gradle.launcher.daemon.server.DefaultIncomingConnectionHandler] Received finished message: org.gradle.launcher.daemon.protocol.Finished@2449299c
2026-02-26T20:43:12.244+0300 [DEBUG] [org.gradle.launcher.daemon.server.SynchronizedDispatchConnection] thread 218: stopping connection
2026-02-26T20:43:12.245+0300 [DEBUG] [org.gradle.internal.remote.internal.inet.SocketConnection] Discarding EOFException: java.io.EOFException
2026-02-26T20:43:12.245+0300 [DEBUG] [org.gradle.launcher.daemon.server.SynchronizedDispatchConnection] thread 219: received null
2026-02-26T20:43:12.245+0300 [DEBUG] [org.gradle.launcher.daemon.server.DefaultDaemonConnection] thread 219: Received end-of-input from client.
2026-02-26T20:43:12.246+0300 [DEBUG] [org.gradle.launcher.daemon.server.SynchronizedDispatchConnection] thread 218: stopping connection
2026-02-26T20:43:14.513+0300 [DEBUG] [org.gradle.launcher.daemon.server.Daemon] Starting periodic daemon health check.
2026-02-26T20:43:14.517+0300 [DEBUG] [org.gradle.cache.internal.DefaultFileLockManager] Waiting to acquire shared lock on daemon addresses registry.
2026-02-26T20:43:14.517+0300 [DEBUG] [org.gradle.cache.internal.DefaultFileLockManager] Lock acquired on daemon addresses registry.
2026-02-26T20:43:14.517+0300 [DEBUG] [org.gradle.cache.internal.DefaultFileLockManager] Releasing lock on daemon addresses registry.
2026-02-26T20:43:14.534+0300 [DEBUG] [org.gradle.cache.internal.DefaultFileLockManager] Waiting to acquire shared lock on daemon addresses registry.
2026-02-26T20:43:14.534+0300 [DEBUG] [org.gradle.cache.internal.DefaultFileLockManager] Lock acquired on daemon addresses registry.
2026-02-26T20:43:14.535+0300 [DEBUG] [org.gradle.cache.internal.DefaultFileLockManager] Releasing lock on daemon addresses registry.
2026-02-26T20:43:14.537+0300 [DEBUG] [org.gradle.launcher.daemon.server.Daemon] Finished periodic daemon health check.
2026-02-26T20:43:17.917+0300 [DEBUG] [org.gradle.internal.remote.internal.inet.TcpIncomingConnector] Accepted connection from /127.0.0.1:64992 to /127.0.0.1:61069.
2026-02-26T20:43:17.920+0300 [DEBUG] [org.gradle.launcher.daemon.server.SynchronizedDispatchConnection] thread 291: received class org.gradle.launcher.daemon.protocol.Build
2026-02-26T20:43:17.921+0300 [DEBUG] [org.gradle.launcher.daemon.server.DefaultDaemonConnection] thread 291: Received non-IO message from client: Build{id=37e95b43-af24-4f41-afe4-f671bd8dd05a, currentDir=D:\Droid\Projects\HabitTrack}
2026-02-26T20:43:17.921+0300 [INFO] [org.gradle.launcher.daemon.server.DefaultIncomingConnectionHandler] Received command: Build{id=37e95b43-af24-4f41-afe4-f671bd8dd05a, currentDir=D:\Droid\Projects\HabitTrack}.
2026-02-26T20:43:17.921+0300 [DEBUG] [org.gradle.launcher.daemon.server.DefaultIncomingConnectionHandler] Starting executing command: Build{id=37e95b43-af24-4f41-afe4-f671bd8dd05a, currentDir=D:\Droid\Projects\HabitTrack} with connection: socket connection from /127.0.0.1:61069 to /127.0.0.1:64992.
2026-02-26T20:43:17.922+0300 [DEBUG] [org.gradle.launcher.daemon.server.DaemonStateCoordinator] Command execution: started DaemonCommandExecution[command = Build{id=37e95b43-af24-4f41-afe4-f671bd8dd05a, currentDir=D:\Droid\Projects\HabitTrack}, connection = DefaultDaemonConnection: socket connection from /127.0.0.1:61069 to /127.0.0.1:64992] after 0.09483333333333334 minutes of idle
2026-02-26T20:43:17.922+0300 [INFO] [org.gradle.launcher.daemon.server.DaemonRegistryUpdater] Marking the daemon as busy, address: [23173140-43e1-476c-af1c-536fafbc6669 port:61069, addresses:[localhost/127.0.0.1]]
2026-02-26T20:43:17.922+0300 [DEBUG] [org.gradle.launcher.daemon.registry.PersistentDaemonRegistry] Marking busy by address: [23173140-43e1-476c-af1c-536fafbc6669 port:61069, addresses:[localhost/127.0.0.1]]
2026-02-26T20:43:17.927+0300 [DEBUG] [org.gradle.cache.internal.DefaultFileLockManager] Waiting to acquire exclusive lock on daemon addresses registry.
2026-02-26T20:43:17.927+0300 [DEBUG] [org.gradle.cache.internal.DefaultFileLockManager] Lock acquired on daemon addresses registry.
2026-02-26T20:43:17.928+0300 [DEBUG] [org.gradle.cache.internal.DefaultFileLockManager] Releasing lock on daemon addresses registry.
2026-02-26T20:43:17.934+0300 [DEBUG] [org.gradle.launcher.daemon.server.DaemonStateCoordinator] resetting idle timer
2026-02-26T20:43:17.934+0300 [DEBUG] [org.gradle.launcher.daemon.server.DaemonStateCoordinator] daemon is running. Sleeping until state changes.
2026-02-26T20:43:17.934+0300 [INFO] [org.gradle.launcher.daemon.server.exec.StartBuildOrRespondWithBusy] Daemon is about to start building Build{id=37e95b43-af24-4f41-afe4-f671bd8dd05a, currentDir=D:\Droid\Projects\HabitTrack}. Dispatching build started information...
2026-02-26T20:43:17.934+0300 [DEBUG] [org.gradle.launcher.daemon.server.SynchronizedDispatchConnection] thread 221: dispatching org.gradle.launcher.daemon.protocol.BuildStarted@7ee804c5
2026-02-26T20:43:17.935+0300 [DEBUG] [org.gradle.launcher.daemon.server.exec.EstablishBuildEnvironment] Configuring env variables: [USERDOMAIN_ROAMINGPROFILE, LOCALAPPDATA, PROCESSOR_LEVEL, USERDOMAIN, LOGONSERVER, FPS_BROWSER_APP_PROFILE_STRING, SESSIONNAME, ALLUSERSPROFILE, PROCESSOR_ARCHITECTURE, PSModulePath, SystemDrive, OneDrive, EFC_7876, APPDATA, USERNAME, ProgramFiles(x86), CommonProgramFiles, Path, FPS_BROWSER_USER_PROFILE_STRING, PATHEXT, DriverData, OS, COMPUTERNAME, PROCESSOR_REVISION, CommonProgramW6432, ComSpec, ProgramData, ProgramW6432, TEMP, HOMEPATH, SystemRoot, PROCESSOR_IDENTIFIER, HOMEDRIVE, USERPROFILE, TMP, CommonProgramFiles(x86), ProgramFiles, PUBLIC, windir, NUMBER_OF_PROCESSORS, =::]
2026-02-26T20:43:17.936+0300 [DEBUG] [org.gradle.launcher.daemon.server.exec.LogToClient] About to start relaying all logs to the client via the connection.
2026-02-26T20:43:17.936+0300 [INFO] [org.gradle.launcher.daemon.server.exec.LogToClient] The client will now receive all logging from the daemon (pid: 20604). The daemon log file: D:\Droid\Projects\HabitTrack\daemon\9.3.0\daemon-20604.out.log
2026-02-26T20:43:17.936+0300 [INFO] [org.gradle.launcher.daemon.server.exec.LogAndCheckHealth] Starting 3rd build in daemon [uptime: 7 mins 53.753 secs, performance: 99%, GC rate: 0.00/s, heap usage: 0% of 2 GiB]
2026-02-26T20:43:17.937+0300 [DEBUG] [org.gradle.launcher.daemon.server.exec.ExecuteBuild] The daemon has started executing the build.
2026-02-26T20:43:17.937+0300 [DEBUG] [org.gradle.launcher.daemon.server.exec.ExecuteBuild] Executing build with daemon context: DefaultDaemonContext[uid=f382c510-9065-4eee-ba76-1c28373d147c,javaHome=D:\Droid\jbr,javaVersion=21,javaVendor=JetBrains s.r.o.,daemonRegistryDir=D:\Droid\Projects\HabitTrack\daemon,pid=20604,idleTimeout=10800000,priority=NORMAL,applyInstrumentationAgent=true,nativeServicesMode=ENABLED,daemonOpts=-Xmx2048m,-Dfile.encoding=UTF-8,-Duser.country=RU,-Duser.language=ru,-Duser.variant]
AGPBI: {"kind":"warning","text":"We recommend using a newer Android Gradle plugin to use compileSdk = 35\n\nThis Android Gradle plugin (8.5.0) was tested up to compileSdk = 34.\n\nYou are strongly encouraged to update your project to use a newer\nAndroid Gradle plugin that has been tested with compileSdk = 35.\n\nIf you are already using the latest version of the Android Gradle plugin,\nyou may need to wait until a newer version with support for compileSdk = 35 is available.\n\nFor more information refer to the compatibility table:\nhttps://d.android.com/r/tools/api-level-support\n\nTo suppress this warning, add/update\n    android.suppressUnsupportedCompileSdk=35\nto this project's gradle.properties.","sources":[{}]}
w: [ksp] D:/Droid/Projects/HabitTrack/app/src/main/java/com/example/habittracker/data/HabitEntity.kt:37: habitId column references a foreign key but it is not part of an index. This may trigger full table scans whenever parent table is modified so you are highly advised to create an index that covers this column.
w: file:///D:/Droid/Projects/HabitTrack/app/src/main/java/com/example/habittracker/MainActivity.kt:202:80 Parameter 't' is never used
w: file:///D:/Droid/Projects/HabitTrack/app/src/main/java/com/example/habittracker/MainActivity.kt:218:17 'LinearProgressIndicator(Float, Modifier = ..., Color = ..., Color = ..., StrokeCap = ...): Unit' is deprecated. Use the overload that takes `progress` as a lambda
w: file:///D:/Droid/Projects/HabitTrack/app/src/main/java/com/example/habittracker/MainActivity.kt:274:167 'ArrowBack: ImageVector' is deprecated. Use the AutoMirrored version at Icons.AutoMirrored.Filled.ArrowBack
w: file:///D:/Droid/Projects/HabitTrack/app/src/main/java/com/example/habittracker/MainActivity.kt:302:160 'ArrowBack: ImageVector' is deprecated. Use the AutoMirrored version at Icons.AutoMirrored.Filled.ArrowBack
w: file:///D:/Droid/Projects/HabitTrack/app/src/main/java/com/example/habittracker/MainActivity.kt:347:161 'ArrowBack: ImageVector' is deprecated. Use the AutoMirrored version at Icons.AutoMirrored.Filled.ArrowBack
w: file:///D:/Droid/Projects/HabitTrack/app/src/main/java/com/example/habittracker/MainActivity.kt:376:205 'ArrowBack: ImageVector' is deprecated. Use the AutoMirrored version at Icons.AutoMirrored.Filled.ArrowBack
Java compiler version 21 has deprecated support for compiling with source/target version 8.
Try one of the following options:
    1. [Recommended] Use Java toolchain with a lower language version
    2. Set a higher source/target version
    3. Use a lower version of the JDK running the build (if you're not using Java toolchain)
For more details on how to configure these settings, see https://developer.android.com/build/jdks.
To suppress this warning, set android.javaCompile.suppressSourceTargetDeprecationWarning=true in gradle.properties.
warning: [options] source value 8 is obsolete and will be removed in a future release
warning: [options] target value 8 is obsolete and will be removed in a future release
warning: [options] To suppress warnings about obsolete options, use -Xlint:-options.
3 warnings

[Incubating] Problems report is available at: file:///D:/Droid/Projects/HabitTrack/build/reports/problems/problems-report.html

Deprecated Gradle features were used in this build, making it incompatible with Gradle 10.

You can use '--warning-mode all' to show the individual deprecation warnings and determine if they come from your own scripts or plugins.

For more on this, please refer to https://docs.gradle.org/9.3.0/userguide/command_line_interface.html#sec:command_line_warnings in the Gradle documentation.

BUILD SUCCESSFUL in 42s
61 actionable tasks: 60 executed, 1 up-to-date
Consider enabling configuration cache to speed up this build: https://docs.gradle.org/9.3.0/userguide/configuration_cache_enabling.html
2026-02-26T20:44:00.466+0300 [DEBUG] [org.gradle.launcher.daemon.server.exec.ExecuteBuild] The daemon has finished executing the build.
2026-02-26T20:44:00.475+0300 [DEBUG] [org.gradle.launcher.daemon.server.DaemonStateCoordinator] daemon is running. Sleeping until state changes.
2026-02-26T20:44:00.475+0300 [DEBUG] [org.gradle.launcher.daemon.server.DaemonStateCoordinator] Command execution: finished waiting for DaemonCommandExecution[command = Build{id=37e95b43-af24-4f41-afe4-f671bd8dd05a, currentDir=D:\Droid\Projects\HabitTrack}, connection = DefaultDaemonConnection: socket connection from /127.0.0.1:61069 to /127.0.0.1:64992]. Result org.gradle.launcher.daemon.server.DaemonStateCoordinator@110887b5 with state Busy
2026-02-26T20:44:00.476+0300 [DEBUG] [org.gradle.launcher.daemon.server.DaemonStateCoordinator] Command execution: completed DaemonCommandExecution[command = Build{id=37e95b43-af24-4f41-afe4-f671bd8dd05a, currentDir=D:\Droid\Projects\HabitTrack}, connection = DefaultDaemonConnection: socket connection from /127.0.0.1:61069 to /127.0.0.1:64992]
2026-02-26T20:44:00.476+0300 [DEBUG] [org.gradle.launcher.daemon.server.DaemonStateCoordinator] resetting idle timer
2026-02-26T20:44:00.476+0300 [INFO] [org.gradle.launcher.daemon.server.DaemonRegistryUpdater] Marking the daemon as idle, address: [23173140-43e1-476c-af1c-536fafbc6669 port:61069, addresses:[localhost/127.0.0.1]]
2026-02-26T20:44:00.476+0300 [DEBUG] [org.gradle.launcher.daemon.registry.PersistentDaemonRegistry] Marking busy by address: [23173140-43e1-476c-af1c-536fafbc6669 port:61069, addresses:[localhost/127.0.0.1]]
2026-02-26T20:44:00.483+0300 [DEBUG] [org.gradle.cache.internal.DefaultFileLockManager] Waiting to acquire exclusive lock on daemon addresses registry.
2026-02-26T20:44:00.484+0300 [DEBUG] [org.gradle.cache.internal.DefaultFileLockManager] Lock acquired on daemon addresses registry.
2026-02-26T20:44:00.485+0300 [DEBUG] [org.gradle.cache.internal.DefaultFileLockManager] Releasing lock on daemon addresses registry.
2026-02-26T20:44:00.490+0300 [DEBUG] [org.gradle.launcher.daemon.server.DaemonStateCoordinator] daemon is running. Sleeping until state changes.
2026-02-26T20:44:00.490+0300 [DEBUG] [org.gradle.launcher.daemon.server.exec.ReturnResult] Daemon is dispatching the build result: Success[value=org.gradle.launcher.exec.BuildActionResult@2c279d01]
2026-02-26T20:44:00.490+0300 [DEBUG] [org.gradle.launcher.daemon.server.SynchronizedDispatchConnection] thread 218: dispatching Success[value=org.gradle.launcher.exec.BuildActionResult@2c279d01]
2026-02-26T20:44:00.490+0300 [DEBUG] [org.gradle.launcher.daemon.server.exec.CleanUpVirtualFileSystemAfterBuild] Cleaning virtual file system after build finished
2026-02-26T20:44:00.491+0300 [DEBUG] [org.gradle.launcher.daemon.server.DefaultIncomingConnectionHandler] Finishing executing command: Build{id=37e95b43-af24-4f41-afe4-f671bd8dd05a, currentDir=D:\Droid\Projects\HabitTrack}
2026-02-26T20:44:00.491+0300 [DEBUG] [org.gradle.launcher.daemon.server.SynchronizedDispatchConnection] thread 291: received class org.gradle.launcher.daemon.protocol.CloseInput
2026-02-26T20:44:00.491+0300 [DEBUG] [org.gradle.launcher.daemon.server.DefaultDaemonConnection] thread 291: Received IO message from client: org.gradle.launcher.daemon.protocol.CloseInput@4e3dae70
2026-02-26T20:44:00.491+0300 [DEBUG] [org.gradle.launcher.daemon.server.SynchronizedDispatchConnection] thread 291: received class org.gradle.launcher.daemon.protocol.Finished
2026-02-26T20:44:00.491+0300 [DEBUG] [org.gradle.launcher.daemon.server.DefaultDaemonConnection] thread 291: Received non-IO message from client: org.gradle.launcher.daemon.protocol.Finished@40fa59c7
2026-02-26T20:44:00.491+0300 [DEBUG] [org.gradle.internal.remote.internal.inet.SocketConnection] Discarding EOFException: java.io.EOFException
2026-02-26T20:44:00.491+0300 [DEBUG] [org.gradle.launcher.daemon.server.DefaultIncomingConnectionHandler] Received finished message: org.gradle.launcher.daemon.protocol.Finished@40fa59c7
2026-02-26T20:44:00.492+0300 [DEBUG] [org.gradle.launcher.daemon.server.SynchronizedDispatchConnection] thread 218: stopping connection
2026-02-26T20:44:00.491+0300 [DEBUG] [org.gradle.launcher.daemon.server.SynchronizedDispatchConnection] thread 291: received null
2026-02-26T20:44:00.492+0300 [DEBUG] [org.gradle.launcher.daemon.server.DefaultDaemonConnection] thread 291: Received end-of-input from client.
2026-02-26T20:44:00.493+0300 [DEBUG] [org.gradle.launcher.daemon.server.SynchronizedDispatchConnection] thread 218: stopping connection
2026-02-26T20:44:03.507+0300 [DEBUG] [org.gradle.process.internal.health.memory.DefaultMemoryManager] 1650799820 physical memory requested, 751431680 free
2026-02-26T20:44:03.507+0300 [DEBUG] [org.gradle.workers.internal.WorkerDaemonExpiration] Will attempt to release 1574 of memory
2026-02-26T20:44:03.508+0300 [DEBUG] [org.gradle.process.internal.health.memory.DefaultMemoryManager] 1650799820 physical memory requested, 0 released, 751431680 free
2026-02-26T20:44:04.650+0300 [DEBUG] [org.gradle.launcher.daemon.server.Daemon] Starting periodic daemon health check.
2026-02-26T20:44:04.677+0300 [DEBUG] [org.gradle.cache.internal.DefaultFileLockManager] Waiting to acquire shared lock on daemon addresses registry.
2026-02-26T20:44:04.695+0300 [DEBUG] [org.gradle.cache.internal.DefaultFileLockManager] Lock acquired on daemon addresses registry.
2026-02-26T20:44:04.887+0300 [DEBUG] [org.gradle.cache.internal.DefaultFileLockManager] Releasing lock on daemon addresses registry.
2026-02-26T20:44:04.983+0300 [DEBUG] [org.gradle.cache.internal.DefaultFileLockManager] Waiting to acquire shared lock on daemon addresses registry.
2026-02-26T20:44:04.984+0300 [DEBUG] [org.gradle.cache.internal.DefaultFileLockManager] Lock acquired on daemon addresses registry.
2026-02-26T20:44:04.984+0300 [DEBUG] [org.gradle.cache.internal.DefaultFileLockManager] Releasing lock on daemon addresses registry.
2026-02-26T20:44:04.992+0300 [DEBUG] [org.gradle.launcher.daemon.server.Daemon] Finished periodic daemon health check.
2026-02-26T20:44:08.503+0300 [DEBUG] [org.gradle.process.internal.health.memory.DefaultMemoryManager] 1650799820 physical memory requested, 791625728 free
2026-02-26T20:44:08.503+0300 [DEBUG] [org.gradle.workers.internal.WorkerDaemonExpiration] Will attempt to release 1574 of memory
2026-02-26T20:44:08.504+0300 [DEBUG] [org.gradle.process.internal.health.memory.DefaultMemoryManager] 1650799820 physical memory requested, 0 released, 791625728 free
2026-02-26T20:44:11.079+0300 [DEBUG] [org.gradle.internal.watch.vfs.impl.WatchingVirtualFileSystem] Handling VFS change REMOVED D:\Droid\Projects\HabitTrack\app\build\outputs\apk\debug\app-debug.apk
2026-02-26T20:44:13.508+0300 [DEBUG] [org.gradle.process.internal.health.memory.DefaultMemoryManager] 1650799820 physical memory requested, 1538990080 free
2026-02-26T20:44:13.509+0300 [DEBUG] [org.gradle.workers.internal.WorkerDaemonExpiration] Will attempt to release 1574 of memory
2026-02-26T20:44:13.509+0300 [DEBUG] [org.gradle.process.internal.health.memory.DefaultMemoryManager] 1650799820 physical memory requested, 0 released, 1538990080 free
2026-02-26T20:44:13.606+0300 [DEBUG] [sun.rmi.transport.tcp] RMI Scheduler(0): close connection, socket: Socket[addr=localhost/127.0.0.1,port=17519,localport=65009]
2026-02-26T20:44:14.511+0300 [DEBUG] [org.gradle.launcher.daemon.server.Daemon] Starting periodic daemon health check.
2026-02-26T20:44:14.514+0300 [DEBUG] [org.gradle.cache.internal.DefaultFileLockManager] Waiting to acquire shared lock on daemon addresses registry.
2026-02-26T20:44:14.514+0300 [DEBUG] [org.gradle.cache.internal.DefaultFileLockManager] Lock acquired on daemon addresses registry.
2026-02-26T20:44:14.515+0300 [DEBUG] [org.gradle.cache.internal.DefaultFileLockManager] Releasing lock on daemon addresses registry.
2026-02-26T20:44:14.522+0300 [DEBUG] [org.gradle.cache.internal.DefaultFileLockManager] Waiting to acquire shared lock on daemon addresses registry.
2026-02-26T20:44:14.522+0300 [DEBUG] [org.gradle.cache.internal.DefaultFileLockManager] Lock acquired on daemon addresses registry.
2026-02-26T20:44:14.523+0300 [DEBUG] [org.gradle.cache.internal.DefaultFileLockManager] Releasing lock on daemon addresses registry.
2026-02-26T20:44:14.526+0300 [DEBUG] [org.gradle.launcher.daemon.server.Daemon] Finished periodic daemon health check.
2026-02-26T20:44:18.505+0300 [DEBUG] [org.gradle.process.internal.health.memory.DefaultMemoryManager] 1650799820 physical memory requested, 1510227968 free
2026-02-26T20:44:18.506+0300 [DEBUG] [org.gradle.workers.internal.WorkerDaemonExpiration] Will attempt to release 1574 of memory
2026-02-26T20:44:18.506+0300 [DEBUG] [org.gradle.process.internal.health.memory.DefaultMemoryManager] 1650799820 physical memory requested, 0 released, 1510227968 free
2026-02-26T20:44:21.036+0300 [DEBUG] [sun.rmi.transport.tcp] RMI TCP Connection(4)-127.0.0.1: (port 65002) connection closed
2026-02-26T20:44:21.037+0300 [DEBUG] [sun.rmi.transport.tcp] RMI TCP Connection(4)-127.0.0.1: close connection, socket: Socket[addr=/127.0.0.1,port=65007,localport=65002]
2026-02-26T20:44:21.038+0300 [DEBUG] [sun.rmi.transport.tcp] RMI TCP Connection(4)-127.0.0.1: socket close: Socket[addr=/127.0.0.1,port=65007,localport=65002]
2026-02-26T20:44:21.874+0300 [DEBUG] [sun.rmi.transport.tcp] RMI Scheduler(0): close connection, socket: Socket[addr=localhost/127.0.0.1,port=17519,localport=65008]
2026-02-26T20:44:23.513+0300 [DEBUG] [org.gradle.process.internal.health.memory.DefaultMemoryManager] 1650799820 physical memory requested, 1414451200 free
2026-02-26T20:44:23.513+0300 [DEBUG] [org.gradle.workers.internal.WorkerDaemonExpiration] Will attempt to release 1574 of memory
2026-02-26T20:44:23.513+0300 [DEBUG] [org.gradle.process.internal.health.memory.DefaultMemoryManager] 1650799820 physical memory requested, 0 released, 1414451200 free
2026-02-26T20:44:24.525+0300 [DEBUG] [org.gradle.launcher.daemon.server.Daemon] Starting periodic daemon health check.
2026-02-26T20:44:24.528+0300 [DEBUG] [org.gradle.cache.internal.DefaultFileLockManager] Waiting to acquire shared lock on daemon addresses registry.
2026-02-26T20:44:24.528+0300 [DEBUG] [org.gradle.cache.internal.DefaultFileLockManager] Lock acquired on daemon addresses registry.
2026-02-26T20:44:24.529+0300 [DEBUG] [org.gradle.cache.internal.DefaultFileLockManager] Releasing lock on daemon addresses registry.
2026-02-26T20:44:24.538+0300 [DEBUG] [org.gradle.cache.internal.DefaultFileLockManager] Waiting to acquire shared lock on daemon addresses registry.
2026-02-26T20:44:24.538+0300 [DEBUG] [org.gradle.cache.internal.DefaultFileLockManager] Lock acquired on daemon addresses registry.
2026-02-26T20:44:24.539+0300 [DEBUG] [org.gradle.cache.internal.DefaultFileLockManager] Releasing lock on daemon addresses registry.
2026-02-26T20:44:24.543+0300 [DEBUG] [org.gradle.launcher.daemon.server.Daemon] Finished periodic daemon health check.
2026-02-26T20:44:28.515+0300 [DEBUG] [org.gradle.process.internal.health.memory.DefaultMemoryManager] 1650799820 physical memory requested, 1396711424 free
2026-02-26T20:44:28.515+0300 [DEBUG] [org.gradle.workers.internal.WorkerDaemonExpiration] Will attempt to release 1574 of memory
2026-02-26T20:44:28.515+0300 [DEBUG] [org.gradle.process.internal.health.memory.DefaultMemoryManager] 1650799820 physical memory requested, 0 released, 1396711424 free
2026-02-26T20:44:33.516+0300 [DEBUG] [org.gradle.process.internal.health.memory.DefaultMemoryManager] 1650799820 physical memory requested, 1426141184 free
2026-02-26T20:44:33.516+0300 [DEBUG] [org.gradle.workers.internal.WorkerDaemonExpiration] Will attempt to release 1574 of memory
2026-02-26T20:44:33.516+0300 [DEBUG] [org.gradle.process.internal.health.memory.DefaultMemoryManager] 1650799820 physical memory requested, 0 released, 1426141184 free
2026-02-26T20:44:34.512+0300 [DEBUG] [org.gradle.launcher.daemon.server.Daemon] Starting periodic daemon health check.
2026-02-26T20:44:34.516+0300 [DEBUG] [org.gradle.cache.internal.DefaultFileLockManager] Waiting to acquire shared lock on daemon addresses registry.
2026-02-26T20:44:34.517+0300 [DEBUG] [org.gradle.cache.internal.DefaultFileLockManager] Lock acquired on daemon addresses registry.
2026-02-26T20:44:34.517+0300 [DEBUG] [org.gradle.cache.internal.DefaultFileLockManager] Releasing lock on daemon addresses registry.
2026-02-26T20:44:34.526+0300 [DEBUG] [org.gradle.cache.internal.DefaultFileLockManager] Waiting to acquire shared lock on daemon addresses registry.
2026-02-26T20:44:34.527+0300 [DEBUG] [org.gradle.cache.internal.DefaultFileLockManager] Lock acquired on daemon addresses registry.
2026-02-26T20:44:34.527+0300 [DEBUG] [org.gradle.cache.internal.DefaultFileLockManager] Releasing lock on daemon addresses registry.
2026-02-26T20:44:34.530+0300 [DEBUG] [org.gradle.launcher.daemon.server.Daemon] Finished periodic daemon health check.
2026-02-26T20:44:38.513+0300 [DEBUG] [org.gradle.process.internal.health.memory.DefaultMemoryManager] 1650799820 physical memory requested, 1391058944 free
2026-02-26T20:44:38.513+0300 [DEBUG] [org.gradle.workers.internal.WorkerDaemonExpiration] Will attempt to release 1574 of memory
2026-02-26T20:44:38.513+0300 [DEBUG] [org.gradle.process.internal.health.memory.DefaultMemoryManager] 1650799820 physical memory requested, 0 released, 1391058944 free
2026-02-26T20:44:43.515+0300 [DEBUG] [org.gradle.process.internal.health.memory.DefaultMemoryManager] 1650799820 physical memory requested, 1419726848 free
2026-02-26T20:44:43.516+0300 [DEBUG] [org.gradle.workers.internal.WorkerDaemonExpiration] Will attempt to release 1574 of memory
2026-02-26T20:44:43.516+0300 [DEBUG] [org.gradle.process.internal.health.memory.DefaultMemoryManager] 1650799820 physical memory requested, 0 released, 1419726848 free
2026-02-26T20:44:44.521+0300 [DEBUG] [org.gradle.launcher.daemon.server.Daemon] Starting periodic daemon health check.
2026-02-26T20:44:44.527+0300 [DEBUG] [org.gradle.cache.internal.DefaultFileLockManager] Waiting to acquire shared lock on daemon addresses registry.
2026-02-26T20:44:44.527+0300 [DEBUG] [org.gradle.cache.internal.DefaultFileLockManager] Lock acquired on daemon addresses registry.
2026-02-26T20:44:44.527+0300 [DEBUG] [org.gradle.cache.internal.DefaultFileLockManager] Releasing lock on daemon addresses registry.
2026-02-26T20:44:44.535+0300 [DEBUG] [org.gradle.cache.internal.DefaultFileLockManager] Waiting to acquire shared lock on daemon addresses registry.
2026-02-26T20:44:44.535+0300 [DEBUG] [org.gradle.cache.internal.DefaultFileLockManager] Lock acquired on daemon addresses registry.
2026-02-26T20:44:44.535+0300 [DEBUG] [org.gradle.cache.internal.DefaultFileLockManager] Releasing lock on daemon addresses registry.
2026-02-26T20:44:44.540+0300 [DEBUG] [org.gradle.launcher.daemon.server.Daemon] Finished periodic daemon health check.
2026-02-26T20:44:48.514+0300 [DEBUG] [org.gradle.process.internal.health.memory.DefaultMemoryManager] 1650799820 physical memory requested, 1403498496 free
2026-02-26T20:44:48.514+0300 [DEBUG] [org.gradle.workers.internal.WorkerDaemonExpiration] Will attempt to release 1574 of memory
2026-02-26T20:44:48.514+0300 [DEBUG] [org.gradle.process.internal.health.memory.DefaultMemoryManager] 1650799820 physical memory requested, 0 released, 1403498496 free
2026-02-26T20:44:53.519+0300 [DEBUG] [org.gradle.process.internal.health.memory.DefaultMemoryManager] 1650799820 physical memory requested, 1413656576 free
2026-02-26T20:44:53.519+0300 [DEBUG] [org.gradle.workers.internal.WorkerDaemonExpiration] Will attempt to release 1574 of memory
2026-02-26T20:44:53.519+0300 [DEBUG] [org.gradle.process.internal.health.memory.DefaultMemoryManager] 1650799820 physical memory requested, 0 released, 1413656576 free
2026-02-26T20:44:54.517+0300 [DEBUG] [org.gradle.launcher.daemon.server.Daemon] Starting periodic daemon health check.
2026-02-26T20:44:54.522+0300 [DEBUG] [org.gradle.cache.internal.DefaultFileLockManager] Waiting to acquire shared lock on daemon addresses registry.
2026-02-26T20:44:54.522+0300 [DEBUG] [org.gradle.cache.internal.DefaultFileLockManager] Lock acquired on daemon addresses registry.
2026-02-26T20:44:54.522+0300 [DEBUG] [org.gradle.cache.internal.DefaultFileLockManager] Releasing lock on daemon addresses registry.
2026-02-26T20:44:54.530+0300 [DEBUG] [org.gradle.cache.internal.DefaultFileLockManager] Waiting to acquire shared lock on daemon addresses registry.
2026-02-26T20:44:54.530+0300 [DEBUG] [org.gradle.cache.internal.DefaultFileLockManager] Lock acquired on daemon addresses registry.
2026-02-26T20:44:54.530+0300 [DEBUG] [org.gradle.cache.internal.DefaultFileLockManager] Releasing lock on daemon addresses registry.
2026-02-26T20:44:54.533+0300 [DEBUG] [org.gradle.launcher.daemon.server.Daemon] Finished periodic daemon health check.
2026-02-26T20:44:58.516+0300 [DEBUG] [org.gradle.process.internal.health.memory.DefaultMemoryManager] 1650799820 physical memory requested, 1404162048 free
2026-02-26T20:44:58.516+0300 [DEBUG] [org.gradle.workers.internal.WorkerDaemonExpiration] Will attempt to release 1574 of memory
2026-02-26T20:44:58.516+0300 [DEBUG] [org.gradle.process.internal.health.memory.DefaultMemoryManager] 1650799820 physical memory requested, 0 released, 1404162048 free
2026-02-26T20:45:03.514+0300 [DEBUG] [org.gradle.process.internal.health.memory.DefaultMemoryManager] 1650799820 physical memory requested, 1408700416 free
2026-02-26T20:45:03.514+0300 [DEBUG] [org.gradle.workers.internal.WorkerDaemonExpiration] Will attempt to release 1574 of memory
2026-02-26T20:45:03.514+0300 [DEBUG] [org.gradle.process.internal.health.memory.DefaultMemoryManager] 1650799820 physical memory requested, 0 released, 1408700416 free
2026-02-26T20:45:04.516+0300 [DEBUG] [org.gradle.launcher.daemon.server.Daemon] Starting periodic daemon health check.
2026-02-26T20:45:04.519+0300 [DEBUG] [org.gradle.cache.internal.DefaultFileLockManager] Waiting to acquire shared lock on daemon addresses registry.
2026-02-26T20:45:04.519+0300 [DEBUG] [org.gradle.cache.internal.DefaultFileLockManager] Lock acquired on daemon addresses registry.
2026-02-26T20:45:04.520+0300 [DEBUG] [org.gradle.cache.internal.DefaultFileLockManager] Releasing lock on daemon addresses registry.
2026-02-26T20:45:04.526+0300 [DEBUG] [org.gradle.cache.internal.DefaultFileLockManager] Waiting to acquire shared lock on daemon addresses registry.
2026-02-26T20:45:04.526+0300 [DEBUG] [org.gradle.cache.internal.DefaultFileLockManager] Lock acquired on daemon addresses registry.
2026-02-26T20:45:04.526+0300 [DEBUG] [org.gradle.cache.internal.DefaultFileLockManager] Releasing lock on daemon addresses registry.
2026-02-26T20:45:04.529+0300 [DEBUG] [org.gradle.launcher.daemon.server.Daemon] Finished periodic daemon health check.
2026-02-26T20:45:08.514+0300 [DEBUG] [org.gradle.process.internal.health.memory.DefaultMemoryManager] 1650799820 physical memory requested, 1466728448 free
2026-02-26T20:45:08.514+0300 [DEBUG] [org.gradle.workers.internal.WorkerDaemonExpiration] Will attempt to release 1574 of memory
2026-02-26T20:45:08.514+0300 [DEBUG] [org.gradle.process.internal.health.memory.DefaultMemoryManager] 1650799820 physical memory requested, 0 released, 1466728448 free
2026-02-26T20:45:13.514+0300 [DEBUG] [org.gradle.process.internal.health.memory.DefaultMemoryManager] 1650799820 physical memory requested, 1447616512 free
2026-02-26T20:45:13.514+0300 [DEBUG] [org.gradle.workers.internal.WorkerDaemonExpiration] Will attempt to release 1574 of memory
2026-02-26T20:45:13.514+0300 [DEBUG] [org.gradle.process.internal.health.memory.DefaultMemoryManager] 1650799820 physical memory requested, 0 released, 1447616512 free
2026-02-26T20:45:14.513+0300 [DEBUG] [org.gradle.launcher.daemon.server.Daemon] Starting periodic daemon health check.
2026-02-26T20:45:14.516+0300 [DEBUG] [org.gradle.cache.internal.DefaultFileLockManager] Waiting to acquire shared lock on daemon addresses registry.
2026-02-26T20:45:14.516+0300 [DEBUG] [org.gradle.cache.internal.DefaultFileLockManager] Lock acquired on daemon addresses registry.
2026-02-26T20:45:14.516+0300 [DEBUG] [org.gradle.cache.internal.DefaultFileLockManager] Releasing lock on daemon addresses registry.
2026-02-26T20:45:14.525+0300 [DEBUG] [org.gradle.cache.internal.DefaultFileLockManager] Waiting to acquire shared lock on daemon addresses registry.
2026-02-26T20:45:14.525+0300 [DEBUG] [org.gradle.cache.internal.DefaultFileLockManager] Lock acquired on daemon addresses registry.
2026-02-26T20:45:14.525+0300 [DEBUG] [org.gradle.cache.internal.DefaultFileLockManager] Releasing lock on daemon addresses registry.
2026-02-26T20:45:14.530+0300 [DEBUG] [org.gradle.launcher.daemon.server.Daemon] Finished periodic daemon health check.
2026-02-26T20:45:18.512+0300 [DEBUG] [org.gradle.process.internal.health.memory.DefaultMemoryManager] 1650799820 physical memory requested, 1445203968 free
2026-02-26T20:45:18.512+0300 [DEBUG] [org.gradle.workers.internal.WorkerDaemonExpiration] Will attempt to release 1574 of memory
2026-02-26T20:45:18.512+0300 [DEBUG] [org.gradle.process.internal.health.memory.DefaultMemoryManager] 1650799820 physical memory requested, 0 released, 1445203968 free
2026-02-26T20:45:23.512+0300 [DEBUG] [org.gradle.process.internal.health.memory.DefaultMemoryManager] 1650799820 physical memory requested, 1468424192 free
2026-02-26T20:45:23.512+0300 [DEBUG] [org.gradle.workers.internal.WorkerDaemonExpiration] Will attempt to release 1574 of memory
2026-02-26T20:45:23.512+0300 [DEBUG] [org.gradle.process.internal.health.memory.DefaultMemoryManager] 1650799820 physical memory requested, 0 released, 1468424192 free
2026-02-26T20:45:24.525+0300 [DEBUG] [org.gradle.launcher.daemon.server.Daemon] Starting periodic daemon health check.
2026-02-26T20:45:24.528+0300 [DEBUG] [org.gradle.cache.internal.DefaultFileLockManager] Waiting to acquire shared lock on daemon addresses registry.
2026-02-26T20:45:24.529+0300 [DEBUG] [org.gradle.cache.internal.DefaultFileLockManager] Lock acquired on daemon addresses registry.
2026-02-26T20:45:24.529+0300 [DEBUG] [org.gradle.cache.internal.DefaultFileLockManager] Releasing lock on daemon addresses registry.
2026-02-26T20:45:24.535+0300 [DEBUG] [org.gradle.cache.internal.DefaultFileLockManager] Waiting to acquire shared lock on daemon addresses registry.
2026-02-26T20:45:24.535+0300 [DEBUG] [org.gradle.cache.internal.DefaultFileLockManager] Lock acquired on daemon addresses registry.
2026-02-26T20:45:24.535+0300 [DEBUG] [org.gradle.cache.internal.DefaultFileLockManager] Releasing lock on daemon addresses registry.
2026-02-26T20:45:24.538+0300 [DEBUG] [org.gradle.launcher.daemon.server.Daemon] Finished periodic daemon health check.
2026-02-26T20:45:28.516+0300 [DEBUG] [org.gradle.process.internal.health.memory.DefaultMemoryManager] 1650799820 physical memory requested, 1484824576 free
2026-02-26T20:45:28.516+0300 [DEBUG] [org.gradle.workers.internal.WorkerDaemonExpiration] Will attempt to release 1574 of memory
2026-02-26T20:45:28.516+0300 [DEBUG] [org.gradle.process.internal.health.memory.DefaultMemoryManager] 1650799820 physical memory requested, 0 released, 1484824576 free
2026-02-26T20:45:33.511+0300 [DEBUG] [org.gradle.process.internal.health.memory.DefaultMemoryManager] 1650799820 physical memory requested, 1464913920 free
2026-02-26T20:45:33.511+0300 [DEBUG] [org.gradle.workers.internal.WorkerDaemonExpiration] Will attempt to release 1574 of memory
2026-02-26T20:45:33.511+0300 [DEBUG] [org.gradle.process.internal.health.memory.DefaultMemoryManager] 1650799820 physical memory requested, 0 released, 1464913920 free
2026-02-26T20:45:34.517+0300 [DEBUG] [org.gradle.launcher.daemon.server.Daemon] Starting periodic daemon health check.
2026-02-26T20:45:34.521+0300 [DEBUG] [org.gradle.cache.internal.DefaultFileLockManager] Waiting to acquire shared lock on daemon addresses registry.
2026-02-26T20:45:34.521+0300 [DEBUG] [org.gradle.cache.internal.DefaultFileLockManager] Lock acquired on daemon addresses registry.
2026-02-26T20:45:34.521+0300 [DEBUG] [org.gradle.cache.internal.DefaultFileLockManager] Releasing lock on daemon addresses registry.
2026-02-26T20:45:34.528+0300 [DEBUG] [org.gradle.cache.internal.DefaultFileLockManager] Waiting to acquire shared lock on daemon addresses registry.
2026-02-26T20:45:34.528+0300 [DEBUG] [org.gradle.cache.internal.DefaultFileLockManager] Lock acquired on daemon addresses registry.
2026-02-26T20:45:34.528+0300 [DEBUG] [org.gradle.cache.internal.DefaultFileLockManager] Releasing lock on daemon addresses registry.
2026-02-26T20:45:34.531+0300 [DEBUG] [org.gradle.launcher.daemon.server.Daemon] Finished periodic daemon health check.
2026-02-26T20:45:38.514+0300 [DEBUG] [org.gradle.process.internal.health.memory.DefaultMemoryManager] 1650799820 physical memory requested, 1454518272 free
2026-02-26T20:45:38.514+0300 [DEBUG] [org.gradle.workers.internal.WorkerDaemonExpiration] Will attempt to release 1574 of memory
2026-02-26T20:45:38.514+0300 [DEBUG] [org.gradle.process.internal.health.memory.DefaultMemoryManager] 1650799820 physical memory requested, 0 released, 1454518272 free
2026-02-26T20:45:43.509+0300 [DEBUG] [org.gradle.process.internal.health.memory.DefaultMemoryManager] 1650799820 physical memory requested, 1446932480 free
2026-02-26T20:45:43.509+0300 [DEBUG] [org.gradle.workers.internal.WorkerDaemonExpiration] Will attempt to release 1574 of memory
2026-02-26T20:45:43.509+0300 [DEBUG] [org.gradle.process.internal.health.memory.DefaultMemoryManager] 1650799820 physical memory requested, 0 released, 1446932480 free
2026-02-26T20:45:44.521+0300 [DEBUG] [org.gradle.launcher.daemon.server.Daemon] Starting periodic daemon health check.
2026-02-26T20:45:44.525+0300 [DEBUG] [org.gradle.cache.internal.DefaultFileLockManager] Waiting to acquire shared lock on daemon addresses registry.
2026-02-26T20:45:44.525+0300 [DEBUG] [org.gradle.cache.internal.DefaultFileLockManager] Lock acquired on daemon addresses registry.
2026-02-26T20:45:44.525+0300 [DEBUG] [org.gradle.cache.internal.DefaultFileLockManager] Releasing lock on daemon addresses registry.
2026-02-26T20:45:44.532+0300 [DEBUG] [org.gradle.cache.internal.DefaultFileLockManager] Waiting to acquire shared lock on daemon addresses registry.
2026-02-26T20:45:44.532+0300 [DEBUG] [org.gradle.cache.internal.DefaultFileLockManager] Lock acquired on daemon addresses registry.
2026-02-26T20:45:44.532+0300 [DEBUG] [org.gradle.cache.internal.DefaultFileLockManager] Releasing lock on daemon addresses registry.
2026-02-26T20:45:44.535+0300 [DEBUG] [org.gradle.launcher.daemon.server.Daemon] Finished periodic daemon health check.
2026-02-26T20:45:48.507+0300 [DEBUG] [org.gradle.process.internal.health.memory.DefaultMemoryManager] 1650799820 physical memory requested, 1446313984 free
2026-02-26T20:45:48.508+0300 [DEBUG] [org.gradle.workers.internal.WorkerDaemonExpiration] Will attempt to release 1574 of memory
2026-02-26T20:45:48.508+0300 [DEBUG] [org.gradle.process.internal.health.memory.DefaultMemoryManager] 1650799820 physical memory requested, 0 released, 1446313984 free
2026-02-26T20:45:53.512+0300 [DEBUG] [org.gradle.process.internal.health.memory.DefaultMemoryManager] 1650799820 physical memory requested, 1435484160 free
2026-02-26T20:45:53.512+0300 [DEBUG] [org.gradle.workers.internal.WorkerDaemonExpiration] Will attempt to release 1574 of memory
2026-02-26T20:45:53.512+0300 [DEBUG] [org.gradle.process.internal.health.memory.DefaultMemoryManager] 1650799820 physical memory requested, 0 released, 1435484160 free
2026-02-26T20:45:54.523+0300 [DEBUG] [org.gradle.launcher.daemon.server.Daemon] Starting periodic daemon health check.
2026-02-26T20:45:54.527+0300 [DEBUG] [org.gradle.cache.internal.DefaultFileLockManager] Waiting to acquire shared lock on daemon addresses registry.
2026-02-26T20:45:54.527+0300 [DEBUG] [org.gradle.cache.internal.DefaultFileLockManager] Lock acquired on daemon addresses registry.
2026-02-26T20:45:54.527+0300 [DEBUG] [org.gradle.cache.internal.DefaultFileLockManager] Releasing lock on daemon addresses registry.
2026-02-26T20:45:54.533+0300 [DEBUG] [org.gradle.cache.internal.DefaultFileLockManager] Waiting to acquire shared lock on daemon addresses registry.
2026-02-26T20:45:54.534+0300 [DEBUG] [org.gradle.cache.internal.DefaultFileLockManager] Lock acquired on daemon addresses registry.
2026-02-26T20:45:54.534+0300 [DEBUG] [org.gradle.cache.internal.DefaultFileLockManager] Releasing lock on daemon addresses registry.
2026-02-26T20:45:54.537+0300 [DEBUG] [org.gradle.launcher.daemon.server.Daemon] Finished periodic daemon health check.
2026-02-26T20:45:58.510+0300 [DEBUG] [org.gradle.process.internal.health.memory.DefaultMemoryManager] 1650799820 physical memory requested, 1436905472 free
2026-02-26T20:45:58.510+0300 [DEBUG] [org.gradle.workers.internal.WorkerDaemonExpiration] Will attempt to release 1574 of memory
2026-02-26T20:45:58.510+0300 [DEBUG] [org.gradle.process.internal.health.memory.DefaultMemoryManager] 1650799820 physical memory requested, 0 released, 1436905472 free
2026-02-26T20:46:03.519+0300 [DEBUG] [org.gradle.process.internal.health.memory.DefaultMemoryManager] 1650799820 physical memory requested, 1449377792 free
2026-02-26T20:46:03.519+0300 [DEBUG] [org.gradle.workers.internal.WorkerDaemonExpiration] Will attempt to release 1574 of memory
2026-02-26T20:46:03.519+0300 [DEBUG] [org.gradle.process.internal.health.memory.DefaultMemoryManager] 1650799820 physical memory requested, 0 released, 1449377792 free
2026-02-26T20:46:04.523+0300 [DEBUG] [org.gradle.launcher.daemon.server.Daemon] Starting periodic daemon health check.
2026-02-26T20:46:04.528+0300 [DEBUG] [org.gradle.cache.internal.DefaultFileLockManager] Waiting to acquire shared lock on daemon addresses registry.
2026-02-26T20:46:04.528+0300 [DEBUG] [org.gradle.cache.internal.DefaultFileLockManager] Lock acquired on daemon addresses registry.
2026-02-26T20:46:04.528+0300 [DEBUG] [org.gradle.cache.internal.DefaultFileLockManager] Releasing lock on daemon addresses registry.
2026-02-26T20:46:04.534+0300 [DEBUG] [org.gradle.cache.internal.DefaultFileLockManager] Waiting to acquire shared lock on daemon addresses registry.
2026-02-26T20:46:04.534+0300 [DEBUG] [org.gradle.cache.internal.DefaultFileLockManager] Lock acquired on daemon addresses registry.
2026-02-26T20:46:04.535+0300 [DEBUG] [org.gradle.cache.internal.DefaultFileLockManager] Releasing lock on daemon addresses registry.
2026-02-26T20:46:04.538+0300 [DEBUG] [org.gradle.launcher.daemon.server.Daemon] Finished periodic daemon health check.
2026-02-26T20:46:08.514+0300 [DEBUG] [org.gradle.process.internal.health.memory.DefaultMemoryManager] 1650799820 physical memory requested, 1447202816 free
2026-02-26T20:46:08.514+0300 [DEBUG] [org.gradle.workers.internal.WorkerDaemonExpiration] Will attempt to release 1574 of memory
2026-02-26T20:46:08.514+0300 [DEBUG] [org.gradle.process.internal.health.memory.DefaultMemoryManager] 1650799820 physical memory requested, 0 released, 1447202816 free
2026-02-26T20:46:13.514+0300 [DEBUG] [org.gradle.process.internal.health.memory.DefaultMemoryManager] 1650799820 physical memory requested, 1442516992 free
2026-02-26T20:46:13.514+0300 [DEBUG] [org.gradle.workers.internal.WorkerDaemonExpiration] Will attempt to release 1574 of memory
2026-02-26T20:46:13.515+0300 [DEBUG] [org.gradle.process.internal.health.memory.DefaultMemoryManager] 1650799820 physical memory requested, 0 released, 1442516992 free
2026-02-26T20:46:14.524+0300 [DEBUG] [org.gradle.launcher.daemon.server.Daemon] Starting periodic daemon health check.
2026-02-26T20:46:14.528+0300 [DEBUG] [org.gradle.cache.internal.DefaultFileLockManager] Waiting to acquire shared lock on daemon addresses registry.
2026-02-26T20:46:14.528+0300 [DEBUG] [org.gradle.cache.internal.DefaultFileLockManager] Lock acquired on daemon addresses registry.
2026-02-26T20:46:14.528+0300 [DEBUG] [org.gradle.cache.internal.DefaultFileLockManager] Releasing lock on daemon addresses registry.
2026-02-26T20:46:14.535+0300 [DEBUG] [org.gradle.cache.internal.DefaultFileLockManager] Waiting to acquire shared lock on daemon addresses registry.
2026-02-26T20:46:14.535+0300 [DEBUG] [org.gradle.cache.internal.DefaultFileLockManager] Lock acquired on daemon addresses registry.
2026-02-26T20:46:14.535+0300 [DEBUG] [org.gradle.cache.internal.DefaultFileLockManager] Releasing lock on daemon addresses registry.
2026-02-26T20:46:14.538+0300 [DEBUG] [org.gradle.launcher.daemon.server.Daemon] Finished periodic daemon health check.
2026-02-26T20:46:18.512+0300 [DEBUG] [org.gradle.process.internal.health.memory.DefaultMemoryManager] 1650799820 physical memory requested, 1447669760 free
2026-02-26T20:46:18.512+0300 [DEBUG] [org.gradle.workers.internal.WorkerDaemonExpiration] Will attempt to release 1574 of memory
2026-02-26T20:46:18.512+0300 [DEBUG] [org.gradle.process.internal.health.memory.DefaultMemoryManager] 1650799820 physical memory requested, 0 released, 1447669760 free
2026-02-26T20:46:23.510+0300 [DEBUG] [org.gradle.process.internal.health.memory.DefaultMemoryManager] 1650799820 physical memory requested, 1440538624 free
2026-02-26T20:46:23.510+0300 [DEBUG] [org.gradle.workers.internal.WorkerDaemonExpiration] Will attempt to release 1574 of memory
2026-02-26T20:46:23.510+0300 [DEBUG] [org.gradle.process.internal.health.memory.DefaultMemoryManager] 1650799820 physical memory requested, 0 released, 1440538624 free
2026-02-26T20:46:24.526+0300 [DEBUG] [org.gradle.launcher.daemon.server.Daemon] Starting periodic daemon health check.
2026-02-26T20:46:24.529+0300 [DEBUG] [org.gradle.cache.internal.DefaultFileLockManager] Waiting to acquire shared lock on daemon addresses registry.
2026-02-26T20:46:24.529+0300 [DEBUG] [org.gradle.cache.internal.DefaultFileLockManager] Lock acquired on daemon addresses registry.
2026-02-26T20:46:24.529+0300 [DEBUG] [org.gradle.cache.internal.DefaultFileLockManager] Releasing lock on daemon addresses registry.
2026-02-26T20:46:24.537+0300 [DEBUG] [org.gradle.cache.internal.DefaultFileLockManager] Waiting to acquire shared lock on daemon addresses registry.
2026-02-26T20:46:24.537+0300 [DEBUG] [org.gradle.cache.internal.DefaultFileLockManager] Lock acquired on daemon addresses registry.
2026-02-26T20:46:24.538+0300 [DEBUG] [org.gradle.cache.internal.DefaultFileLockManager] Releasing lock on daemon addresses registry.
2026-02-26T20:46:24.541+0300 [DEBUG] [org.gradle.launcher.daemon.server.Daemon] Finished periodic daemon health check.
2026-02-26T20:46:28.514+0300 [DEBUG] [org.gradle.process.internal.health.memory.DefaultMemoryManager] 1650799820 physical memory requested, 1428590592 free
2026-02-26T20:46:28.514+0300 [DEBUG] [org.gradle.workers.internal.WorkerDaemonExpiration] Will attempt to release 1574 of memory
2026-02-26T20:46:28.514+0300 [DEBUG] [org.gradle.process.internal.health.memory.DefaultMemoryManager] 1650799820 physical memory requested, 0 released, 1428590592 free
2026-02-26T20:46:33.503+0300 [DEBUG] [org.gradle.process.internal.health.memory.DefaultMemoryManager] 1650799820 physical memory requested, 1416953856 free
2026-02-26T20:46:33.504+0300 [DEBUG] [org.gradle.workers.internal.WorkerDaemonExpiration] Will attempt to release 1574 of memory
2026-02-26T20:46:33.504+0300 [DEBUG] [org.gradle.process.internal.health.memory.DefaultMemoryManager] 1650799820 physical memory requested, 0 released, 1416953856 free
2026-02-26T20:46:34.519+0300 [DEBUG] [org.gradle.launcher.daemon.server.Daemon] Starting periodic daemon health check.
2026-02-26T20:46:34.523+0300 [DEBUG] [org.gradle.cache.internal.DefaultFileLockManager] Waiting to acquire shared lock on daemon addresses registry.
2026-02-26T20:46:34.523+0300 [DEBUG] [org.gradle.cache.internal.DefaultFileLockManager] Lock acquired on daemon addresses registry.
2026-02-26T20:46:34.523+0300 [DEBUG] [org.gradle.cache.internal.DefaultFileLockManager] Releasing lock on daemon addresses registry.
2026-02-26T20:46:34.530+0300 [DEBUG] [org.gradle.cache.internal.DefaultFileLockManager] Waiting to acquire shared lock on daemon addresses registry.
2026-02-26T20:46:34.531+0300 [DEBUG] [org.gradle.cache.internal.DefaultFileLockManager] Lock acquired on daemon addresses registry.
2026-02-26T20:46:34.531+0300 [DEBUG] [org.gradle.cache.internal.DefaultFileLockManager] Releasing lock on daemon addresses registry.
2026-02-26T20:46:34.534+0300 [DEBUG] [org.gradle.launcher.daemon.server.Daemon] Finished periodic daemon health check.
2026-02-26T20:46:38.509+0300 [DEBUG] [org.gradle.process.internal.health.memory.DefaultMemoryManager] 1650799820 physical memory requested, 1409568768 free
2026-02-26T20:46:38.509+0300 [DEBUG] [org.gradle.workers.internal.WorkerDaemonExpiration] Will attempt to release 1574 of memory
2026-02-26T20:46:38.509+0300 [DEBUG] [org.gradle.process.internal.health.memory.DefaultMemoryManager] 1650799820 physical memory requested, 0 released, 1409568768 free
2026-02-26T20:46:43.505+0300 [DEBUG] [org.gradle.process.internal.health.memory.DefaultMemoryManager] 1650799820 physical memory requested, 1414270976 free
2026-02-26T20:46:43.505+0300 [DEBUG] [org.gradle.workers.internal.WorkerDaemonExpiration] Will attempt to release 1574 of memory
2026-02-26T20:46:43.505+0300 [DEBUG] [org.gradle.process.internal.health.memory.DefaultMemoryManager] 1650799820 physical memory requested, 0 released, 1414270976 free
2026-02-26T20:46:44.515+0300 [DEBUG] [org.gradle.launcher.daemon.server.Daemon] Starting periodic daemon health check.
2026-02-26T20:46:44.518+0300 [DEBUG] [org.gradle.cache.internal.DefaultFileLockManager] Waiting to acquire shared lock on daemon addresses registry.
2026-02-26T20:46:44.518+0300 [DEBUG] [org.gradle.cache.internal.DefaultFileLockManager] Lock acquired on daemon addresses registry.
2026-02-26T20:46:44.519+0300 [DEBUG] [org.gradle.cache.internal.DefaultFileLockManager] Releasing lock on daemon addresses registry.
2026-02-26T20:46:44.525+0300 [DEBUG] [org.gradle.cache.internal.DefaultFileLockManager] Waiting to acquire shared lock on daemon addresses registry.
2026-02-26T20:46:44.525+0300 [DEBUG] [org.gradle.cache.internal.DefaultFileLockManager] Lock acquired on daemon addresses registry.
2026-02-26T20:46:44.525+0300 [DEBUG] [org.gradle.cache.internal.DefaultFileLockManager] Releasing lock on daemon addresses registry.
2026-02-26T20:46:44.528+0300 [DEBUG] [org.gradle.launcher.daemon.server.Daemon] Finished periodic daemon health check.
2026-02-26T20:46:48.518+0300 [DEBUG] [org.gradle.process.internal.health.memory.DefaultMemoryManager] 1650799820 physical memory requested, 1408692224 free
2026-02-26T20:46:48.518+0300 [DEBUG] [org.gradle.workers.internal.WorkerDaemonExpiration] Will attempt to release 1574 of memory
2026-02-26T20:46:48.518+0300 [DEBUG] [org.gradle.process.internal.health.memory.DefaultMemoryManager] 1650799820 physical memory requested, 0 released, 1408692224 free
2026-02-26T20:46:53.512+0300 [DEBUG] [org.gradle.process.internal.health.memory.DefaultMemoryManager] 1650799820 physical memory requested, 1411035136 free
2026-02-26T20:46:53.512+0300 [DEBUG] [org.gradle.workers.internal.WorkerDaemonExpiration] Will attempt to release 1574 of memory
2026-02-26T20:46:53.512+0300 [DEBUG] [org.gradle.process.internal.health.memory.DefaultMemoryManager] 1650799820 physical memory requested, 0 released, 1411035136 free
2026-02-26T20:46:54.526+0300 [DEBUG] [org.gradle.launcher.daemon.server.Daemon] Starting periodic daemon health check.
2026-02-26T20:46:54.529+0300 [DEBUG] [org.gradle.cache.internal.DefaultFileLockManager] Waiting to acquire shared lock on daemon addresses registry.
2026-02-26T20:46:54.529+0300 [DEBUG] [org.gradle.cache.internal.DefaultFileLockManager] Lock acquired on daemon addresses registry.
2026-02-26T20:46:54.530+0300 [DEBUG] [org.gradle.cache.internal.DefaultFileLockManager] Releasing lock on daemon addresses registry.
2026-02-26T20:46:54.537+0300 [DEBUG] [org.gradle.cache.internal.DefaultFileLockManager] Waiting to acquire shared lock on daemon addresses registry.
2026-02-26T20:46:54.537+0300 [DEBUG] [org.gradle.cache.internal.DefaultFileLockManager] Lock acquired on daemon addresses registry.
2026-02-26T20:46:54.537+0300 [DEBUG] [org.gradle.cache.internal.DefaultFileLockManager] Releasing lock on daemon addresses registry.
2026-02-26T20:46:54.541+0300 [DEBUG] [org.gradle.launcher.daemon.server.Daemon] Finished periodic daemon health check.
2026-02-26T20:46:58.507+0300 [DEBUG] [org.gradle.process.internal.health.memory.DefaultMemoryManager] 1650799820 physical memory requested, 1407352832 free
2026-02-26T20:46:58.507+0300 [DEBUG] [org.gradle.workers.internal.WorkerDaemonExpiration] Will attempt to release 1574 of memory
2026-02-26T20:46:58.507+0300 [DEBUG] [org.gradle.process.internal.health.memory.DefaultMemoryManager] 1650799820 physical memory requested, 0 released, 1407352832 free
2026-02-26T20:47:03.510+0300 [DEBUG] [org.gradle.process.internal.health.memory.DefaultMemoryManager] 1650799820 physical memory requested, 1399771136 free
2026-02-26T20:47:03.510+0300 [DEBUG] [org.gradle.workers.internal.WorkerDaemonExpiration] Will attempt to release 1574 of memory
2026-02-26T20:47:03.510+0300 [DEBUG] [org.gradle.process.internal.health.memory.DefaultMemoryManager] 1650799820 physical memory requested, 0 released, 1399771136 free
2026-02-26T20:47:04.521+0300 [DEBUG] [org.gradle.launcher.daemon.server.Daemon] Starting periodic daemon health check.
2026-02-26T20:47:04.526+0300 [DEBUG] [org.gradle.cache.internal.DefaultFileLockManager] Waiting to acquire shared lock on daemon addresses registry.
2026-02-26T20:47:04.526+0300 [DEBUG] [org.gradle.cache.internal.DefaultFileLockManager] Lock acquired on daemon addresses registry.
2026-02-26T20:47:04.526+0300 [DEBUG] [org.gradle.cache.internal.DefaultFileLockManager] Releasing lock on daemon addresses registry.
2026-02-26T20:47:04.534+0300 [DEBUG] [org.gradle.cache.internal.DefaultFileLockManager] Waiting to acquire shared lock on daemon addresses registry.
2026-02-26T20:47:04.534+0300 [DEBUG] [org.gradle.cache.internal.DefaultFileLockManager] Lock acquired on daemon addresses registry.
2026-02-26T20:47:04.535+0300 [DEBUG] [org.gradle.cache.internal.DefaultFileLockManager] Releasing lock on daemon addresses registry.
2026-02-26T20:47:04.538+0300 [DEBUG] [org.gradle.launcher.daemon.server.Daemon] Finished periodic daemon health check.
2026-02-26T20:47:08.506+0300 [DEBUG] [org.gradle.process.internal.health.memory.DefaultMemoryManager] 1650799820 physical memory requested, 1399185408 free
2026-02-26T20:47:08.507+0300 [DEBUG] [org.gradle.workers.internal.WorkerDaemonExpiration] Will attempt to release 1574 of memory
2026-02-26T20:47:08.507+0300 [DEBUG] [org.gradle.process.internal.health.memory.DefaultMemoryManager] 1650799820 physical memory requested, 0 released, 1399185408 free
2026-02-26T20:47:13.515+0300 [DEBUG] [org.gradle.process.internal.health.memory.DefaultMemoryManager] 1650799820 physical memory requested, 1384210432 free
2026-02-26T20:47:13.515+0300 [DEBUG] [org.gradle.workers.internal.WorkerDaemonExpiration] Will attempt to release 1574 of memory
2026-02-26T20:47:13.515+0300 [DEBUG] [org.gradle.process.internal.health.memory.DefaultMemoryManager] 1650799820 physical memory requested, 0 released, 1384210432 free
2026-02-26T20:47:14.518+0300 [DEBUG] [org.gradle.launcher.daemon.server.Daemon] Starting periodic daemon health check.
2026-02-26T20:47:14.523+0300 [DEBUG] [org.gradle.cache.internal.DefaultFileLockManager] Waiting to acquire shared lock on daemon addresses registry.
2026-02-26T20:47:14.523+0300 [DEBUG] [org.gradle.cache.internal.DefaultFileLockManager] Lock acquired on daemon addresses registry.
2026-02-26T20:47:14.524+0300 [DEBUG] [org.gradle.cache.internal.DefaultFileLockManager] Releasing lock on daemon addresses registry.
2026-02-26T20:47:14.530+0300 [DEBUG] [org.gradle.cache.internal.DefaultFileLockManager] Waiting to acquire shared lock on daemon addresses registry.
2026-02-26T20:47:14.530+0300 [DEBUG] [org.gradle.cache.internal.DefaultFileLockManager] Lock acquired on daemon addresses registry.
2026-02-26T20:47:14.530+0300 [DEBUG] [org.gradle.cache.internal.DefaultFileLockManager] Releasing lock on daemon addresses registry.
2026-02-26T20:47:14.533+0300 [DEBUG] [org.gradle.launcher.daemon.server.Daemon] Finished periodic daemon health check.
2026-02-26T20:47:18.505+0300 [DEBUG] [org.gradle.process.internal.health.memory.DefaultMemoryManager] 1650799820 physical memory requested, 1365753856 free
2026-02-26T20:47:18.505+0300 [DEBUG] [org.gradle.workers.internal.WorkerDaemonExpiration] Will attempt to release 1574 of memory
2026-02-26T20:47:18.505+0300 [DEBUG] [org.gradle.process.internal.health.memory.DefaultMemoryManager] 1650799820 physical memory requested, 0 released, 1365753856 free
2026-02-26T20:47:23.511+0300 [DEBUG] [org.gradle.process.internal.health.memory.DefaultMemoryManager] 1650799820 physical memory requested, 1372557312 free
2026-02-26T20:47:23.511+0300 [DEBUG] [org.gradle.workers.internal.WorkerDaemonExpiration] Will attempt to release 1574 of memory
2026-02-26T20:47:23.511+0300 [DEBUG] [org.gradle.process.internal.health.memory.DefaultMemoryManager] 1650799820 physical memory requested, 0 released, 1372557312 free
2026-02-26T20:47:24.521+0300 [DEBUG] [org.gradle.launcher.daemon.server.Daemon] Starting periodic daemon health check.
2026-02-26T20:47:24.525+0300 [DEBUG] [org.gradle.cache.internal.DefaultFileLockManager] Waiting to acquire shared lock on daemon addresses registry.
2026-02-26T20:47:24.525+0300 [DEBUG] [org.gradle.cache.internal.DefaultFileLockManager] Lock acquired on daemon addresses registry.
2026-02-26T20:47:24.525+0300 [DEBUG] [org.gradle.cache.internal.DefaultFileLockManager] Releasing lock on daemon addresses registry.
2026-02-26T20:47:24.531+0300 [DEBUG] [org.gradle.cache.internal.DefaultFileLockManager] Waiting to acquire shared lock on daemon addresses registry.
2026-02-26T20:47:24.531+0300 [DEBUG] [org.gradle.cache.internal.DefaultFileLockManager] Lock acquired on daemon addresses registry.
2026-02-26T20:47:24.532+0300 [DEBUG] [org.gradle.cache.internal.DefaultFileLockManager] Releasing lock on daemon addresses registry.
2026-02-26T20:47:24.534+0300 [DEBUG] [org.gradle.launcher.daemon.server.Daemon] Finished periodic daemon health check.
2026-02-26T20:47:28.510+0300 [DEBUG] [org.gradle.process.internal.health.memory.DefaultMemoryManager] 1650799820 physical memory requested, 1379696640 free
2026-02-26T20:47:28.510+0300 [DEBUG] [org.gradle.workers.internal.WorkerDaemonExpiration] Will attempt to release 1574 of memory
2026-02-26T20:47:28.510+0300 [DEBUG] [org.gradle.process.internal.health.memory.DefaultMemoryManager] 1650799820 physical memory requested, 0 released, 1379696640 free
2026-02-26T20:47:33.507+0300 [DEBUG] [org.gradle.process.internal.health.memory.DefaultMemoryManager] 1650799820 physical memory requested, 1406967808 free
2026-02-26T20:47:33.507+0300 [DEBUG] [org.gradle.workers.internal.WorkerDaemonExpiration] Will attempt to release 1574 of memory
2026-02-26T20:47:33.507+0300 [DEBUG] [org.gradle.process.internal.health.memory.DefaultMemoryManager] 1650799820 physical memory requested, 0 released, 1406967808 free
2026-02-26T20:47:34.513+0300 [DEBUG] [org.gradle.launcher.daemon.server.Daemon] Starting periodic daemon health check.
2026-02-26T20:47:34.517+0300 [DEBUG] [org.gradle.cache.internal.DefaultFileLockManager] Waiting to acquire shared lock on daemon addresses registry.
2026-02-26T20:47:34.517+0300 [DEBUG] [org.gradle.cache.internal.DefaultFileLockManager] Lock acquired on daemon addresses registry.
2026-02-26T20:47:34.517+0300 [DEBUG] [org.gradle.cache.internal.DefaultFileLockManager] Releasing lock on daemon addresses registry.
2026-02-26T20:47:34.524+0300 [DEBUG] [org.gradle.cache.internal.DefaultFileLockManager] Waiting to acquire shared lock on daemon addresses registry.
2026-02-26T20:47:34.524+0300 [DEBUG] [org.gradle.cache.internal.DefaultFileLockManager] Lock acquired on daemon addresses registry.
2026-02-26T20:47:34.524+0300 [DEBUG] [org.gradle.cache.internal.DefaultFileLockManager] Releasing lock on daemon addresses registry.
2026-02-26T20:47:34.527+0300 [DEBUG] [org.gradle.launcher.daemon.server.Daemon] Finished periodic daemon health check.
2026-02-26T20:47:38.514+0300 [DEBUG] [org.gradle.process.internal.health.memory.DefaultMemoryManager] 1650799820 physical memory requested, 1420283904 free
2026-02-26T20:47:38.514+0300 [DEBUG] [org.gradle.workers.internal.WorkerDaemonExpiration] Will attempt to release 1574 of memory
2026-02-26T20:47:38.514+0300 [DEBUG] [org.gradle.process.internal.health.memory.DefaultMemoryManager] 1650799820 physical memory requested, 0 released, 1420283904 free
2026-02-26T20:47:43.505+0300 [DEBUG] [org.gradle.process.internal.health.memory.DefaultMemoryManager] 1650799820 physical memory requested, 1378254848 free
2026-02-26T20:47:43.505+0300 [DEBUG] [org.gradle.workers.internal.WorkerDaemonExpiration] Will attempt to release 1574 of memory
2026-02-26T20:47:43.505+0300 [DEBUG] [org.gradle.process.internal.health.memory.DefaultMemoryManager] 1650799820 physical memory requested, 0 released, 1378254848 free
2026-02-26T20:47:44.520+0300 [DEBUG] [org.gradle.launcher.daemon.server.Daemon] Starting periodic daemon health check.
2026-02-26T20:47:44.533+0300 [DEBUG] [org.gradle.cache.internal.DefaultFileLockManager] Waiting to acquire shared lock on daemon addresses registry.
2026-02-26T20:47:44.533+0300 [DEBUG] [org.gradle.cache.internal.DefaultFileLockManager] Lock acquired on daemon addresses registry.
2026-02-26T20:47:44.533+0300 [DEBUG] [org.gradle.cache.internal.DefaultFileLockManager] Releasing lock on daemon addresses registry.
2026-02-26T20:47:44.558+0300 [DEBUG] [org.gradle.cache.internal.DefaultFileLockManager] Waiting to acquire shared lock on daemon addresses registry.
2026-02-26T20:47:44.558+0300 [DEBUG] [org.gradle.cache.internal.DefaultFileLockManager] Lock acquired on daemon addresses registry.
2026-02-26T20:47:44.559+0300 [DEBUG] [org.gradle.cache.internal.DefaultFileLockManager] Releasing lock on daemon addresses registry.
2026-02-26T20:47:44.564+0300 [DEBUG] [org.gradle.launcher.daemon.server.Daemon] Finished periodic daemon health check.
2026-02-26T20:47:48.521+0300 [DEBUG] [org.gradle.process.internal.health.memory.DefaultMemoryManager] 1650799820 physical memory requested, 916500480 free
2026-02-26T20:47:48.522+0300 [DEBUG] [org.gradle.workers.internal.WorkerDaemonExpiration] Will attempt to release 1574 of memory
2026-02-26T20:47:48.522+0300 [DEBUG] [org.gradle.process.internal.health.memory.DefaultMemoryManager] 1650799820 physical memory requested, 0 released, 916500480 free
2026-02-26T20:47:53.512+0300 [DEBUG] [org.gradle.process.internal.health.memory.DefaultMemoryManager] 1650799820 physical memory requested, 864518144 free
2026-02-26T20:47:53.512+0300 [DEBUG] [org.gradle.workers.internal.WorkerDaemonExpiration] Will attempt to release 1574 of memory
2026-02-26T20:47:53.512+0300 [DEBUG] [org.gradle.process.internal.health.memory.DefaultMemoryManager] 1650799820 physical memory requested, 0 released, 864518144 free
2026-02-26T20:47:54.515+0300 [DEBUG] [org.gradle.launcher.daemon.server.Daemon] Starting periodic daemon health check.
2026-02-26T20:47:54.518+0300 [DEBUG] [org.gradle.cache.internal.DefaultFileLockManager] Waiting to acquire shared lock on daemon addresses registry.
2026-02-26T20:47:54.518+0300 [DEBUG] [org.gradle.cache.internal.DefaultFileLockManager] Lock acquired on daemon addresses registry.
2026-02-26T20:47:54.518+0300 [DEBUG] [org.gradle.cache.internal.DefaultFileLockManager] Releasing lock on daemon addresses registry.
2026-02-26T20:47:54.525+0300 [DEBUG] [org.gradle.cache.internal.DefaultFileLockManager] Waiting to acquire shared lock on daemon addresses registry.
2026-02-26T20:47:54.525+0300 [DEBUG] [org.gradle.cache.internal.DefaultFileLockManager] Lock acquired on daemon addresses registry.
2026-02-26T20:47:54.525+0300 [DEBUG] [org.gradle.cache.internal.DefaultFileLockManager] Releasing lock on daemon addresses registry.
2026-02-26T20:47:54.528+0300 [DEBUG] [org.gradle.launcher.daemon.server.Daemon] Finished periodic daemon health check.
2026-02-26T20:47:58.509+0300 [DEBUG] [org.gradle.process.internal.health.memory.DefaultMemoryManager] 1650799820 physical memory requested, 864796672 free
2026-02-26T20:47:58.509+0300 [DEBUG] [org.gradle.workers.internal.WorkerDaemonExpiration] Will attempt to release 1574 of memory
2026-02-26T20:47:58.509+0300 [DEBUG] [org.gradle.process.internal.health.memory.DefaultMemoryManager] 1650799820 physical memory requested, 0 released, 864796672 free
2026-02-26T20:48:03.517+0300 [DEBUG] [org.gradle.process.internal.health.memory.DefaultMemoryManager] 1650799820 physical memory requested, 873132032 free
2026-02-26T20:48:03.517+0300 [DEBUG] [org.gradle.workers.internal.WorkerDaemonExpiration] Will attempt to release 1574 of memory
2026-02-26T20:48:03.518+0300 [DEBUG] [org.gradle.process.internal.health.memory.DefaultMemoryManager] 1650799820 physical memory requested, 0 released, 873132032 free
2026-02-26T20:48:04.514+0300 [DEBUG] [org.gradle.launcher.daemon.server.Daemon] Starting periodic daemon health check.
2026-02-26T20:48:04.521+0300 [DEBUG] [org.gradle.cache.internal.DefaultFileLockManager] Waiting to acquire shared lock on daemon addresses registry.
2026-02-26T20:48:04.522+0300 [DEBUG] [org.gradle.cache.internal.DefaultFileLockManager] Lock acquired on daemon addresses registry.
2026-02-26T20:48:04.522+0300 [DEBUG] [org.gradle.cache.internal.DefaultFileLockManager] Releasing lock on daemon addresses registry.
2026-02-26T20:48:04.533+0300 [DEBUG] [org.gradle.cache.internal.DefaultFileLockManager] Waiting to acquire shared lock on daemon addresses registry.
2026-02-26T20:48:04.534+0300 [DEBUG] [org.gradle.cache.internal.DefaultFileLockManager] Lock acquired on daemon addresses registry.
2026-02-26T20:48:04.534+0300 [DEBUG] [org.gradle.cache.internal.DefaultFileLockManager] Releasing lock on daemon addresses registry.
2026-02-26T20:48:04.538+0300 [DEBUG] [org.gradle.launcher.daemon.server.Daemon] Finished periodic daemon health check.
2026-02-26T20:48:08.608+0300 [DEBUG] [org.gradle.process.internal.health.memory.DefaultMemoryManager] 1650799820 physical memory requested, 831672320 free
2026-02-26T20:48:08.608+0300 [DEBUG] [org.gradle.workers.internal.WorkerDaemonExpiration] Will attempt to release 1574 of memory
2026-02-26T20:48:08.608+0300 [DEBUG] [org.gradle.process.internal.health.memory.DefaultMemoryManager] 1650799820 physical memory requested, 0 released, 831672320 free
2026-02-26T20:48:13.511+0300 [DEBUG] [org.gradle.process.internal.health.memory.DefaultMemoryManager] 1650799820 physical memory requested, 748089344 free
2026-02-26T20:48:13.511+0300 [DEBUG] [org.gradle.workers.internal.WorkerDaemonExpiration] Will attempt to release 1574 of memory
2026-02-26T20:48:13.511+0300 [DEBUG] [org.gradle.process.internal.health.memory.DefaultMemoryManager] 1650799820 physical memory requested, 0 released, 748089344 free
2026-02-26T20:48:14.518+0300 [DEBUG] [org.gradle.launcher.daemon.server.Daemon] Starting periodic daemon health check.
2026-02-26T20:48:14.524+0300 [DEBUG] [org.gradle.cache.internal.DefaultFileLockManager] Waiting to acquire shared lock on daemon addresses registry.
2026-02-26T20:48:14.524+0300 [DEBUG] [org.gradle.cache.internal.DefaultFileLockManager] Lock acquired on daemon addresses registry.
2026-02-26T20:48:14.525+0300 [DEBUG] [org.gradle.cache.internal.DefaultFileLockManager] Releasing lock on daemon addresses registry.
2026-02-26T20:48:14.535+0300 [DEBUG] [org.gradle.cache.internal.DefaultFileLockManager] Waiting to acquire shared lock on daemon addresses registry.
2026-02-26T20:48:14.535+0300 [DEBUG] [org.gradle.cache.internal.DefaultFileLockManager] Lock acquired on daemon addresses registry.
2026-02-26T20:48:14.535+0300 [DEBUG] [org.gradle.cache.internal.DefaultFileLockManager] Releasing lock on daemon addresses registry.
2026-02-26T20:48:14.540+0300 [DEBUG] [org.gradle.launcher.daemon.server.Daemon] Finished periodic daemon health check.
2026-02-26T20:48:18.509+0300 [DEBUG] [org.gradle.process.internal.health.memory.DefaultMemoryManager] 1650799820 physical memory requested, 906743808 free
2026-02-26T20:48:18.509+0300 [DEBUG] [org.gradle.workers.internal.WorkerDaemonExpiration] Will attempt to release 1574 of memory
2026-02-26T20:48:18.509+0300 [DEBUG] [org.gradle.process.internal.health.memory.DefaultMemoryManager] 1650799820 physical memory requested, 0 released, 906743808 free
2026-02-26T20:48:23.533+0300 [DEBUG] [org.gradle.process.internal.health.memory.DefaultMemoryManager] 1650799820 physical memory requested, 877195264 free
2026-02-26T20:48:23.535+0300 [DEBUG] [org.gradle.workers.internal.WorkerDaemonExpiration] Will attempt to release 1574 of memory
2026-02-26T20:48:23.536+0300 [DEBUG] [org.gradle.process.internal.health.memory.DefaultMemoryManager] 1650799820 physical memory requested, 0 released, 877195264 free
2026-02-26T20:48:24.552+0300 [DEBUG] [org.gradle.launcher.daemon.server.Daemon] Starting periodic daemon health check.
2026-02-26T20:48:24.565+0300 [DEBUG] [org.gradle.cache.internal.DefaultFileLockManager] Waiting to acquire shared lock on daemon addresses registry.
2026-02-26T20:48:24.565+0300 [DEBUG] [org.gradle.cache.internal.DefaultFileLockManager] Lock acquired on daemon addresses registry.
2026-02-26T20:48:24.565+0300 [DEBUG] [org.gradle.cache.internal.DefaultFileLockManager] Releasing lock on daemon addresses registry.
2026-02-26T20:48:24.584+0300 [DEBUG] [org.gradle.cache.internal.DefaultFileLockManager] Waiting to acquire shared lock on daemon addresses registry.
2026-02-26T20:48:24.585+0300 [DEBUG] [org.gradle.cache.internal.DefaultFileLockManager] Lock acquired on daemon addresses registry.
2026-02-26T20:48:24.586+0300 [DEBUG] [org.gradle.cache.internal.DefaultFileLockManager] Releasing lock on daemon addresses registry.
2026-02-26T20:48:24.592+0300 [DEBUG] [org.gradle.launcher.daemon.server.Daemon] Finished periodic daemon health check.
2026-02-26T20:48:28.517+0300 [DEBUG] [org.gradle.process.internal.health.memory.DefaultMemoryManager] 1650799820 physical memory requested, 972386304 free
2026-02-26T20:48:28.517+0300 [DEBUG] [org.gradle.workers.internal.WorkerDaemonExpiration] Will attempt to release 1574 of memory
2026-02-26T20:48:28.517+0300 [DEBUG] [org.gradle.process.internal.health.memory.DefaultMemoryManager] 1650799820 physical memory requested, 0 released, 972386304 free
2026-02-26T20:48:33.517+0300 [DEBUG] [org.gradle.process.internal.health.memory.DefaultMemoryManager] 1650799820 physical memory requested, 977055744 free
2026-02-26T20:48:33.517+0300 [DEBUG] [org.gradle.workers.internal.WorkerDaemonExpiration] Will attempt to release 1574 of memory
2026-02-26T20:48:33.518+0300 [DEBUG] [org.gradle.process.internal.health.memory.DefaultMemoryManager] 1650799820 physical memory requested, 0 released, 977055744 free
2026-02-26T20:48:34.525+0300 [DEBUG] [org.gradle.launcher.daemon.server.Daemon] Starting periodic daemon health check.
2026-02-26T20:48:34.528+0300 [DEBUG] [org.gradle.cache.internal.DefaultFileLockManager] Waiting to acquire shared lock on daemon addresses registry.
2026-02-26T20:48:34.528+0300 [DEBUG] [org.gradle.cache.internal.DefaultFileLockManager] Lock acquired on daemon addresses registry.
2026-02-26T20:48:34.529+0300 [DEBUG] [org.gradle.cache.internal.DefaultFileLockManager] Releasing lock on daemon addresses registry.
2026-02-26T20:48:34.535+0300 [DEBUG] [org.gradle.cache.internal.DefaultFileLockManager] Waiting to acquire shared lock on daemon addresses registry.
2026-02-26T20:48:34.535+0300 [DEBUG] [org.gradle.cache.internal.DefaultFileLockManager] Lock acquired on daemon addresses registry.
2026-02-26T20:48:34.535+0300 [DEBUG] [org.gradle.cache.internal.DefaultFileLockManager] Releasing lock on daemon addresses registry.
2026-02-26T20:48:34.539+0300 [DEBUG] [org.gradle.launcher.daemon.server.Daemon] Finished periodic daemon health check.
2026-02-26T20:48:35.558+0300 [DEBUG] [sun.rmi.transport.tcp] RMI TCP Connection(5)-127.0.0.1: accepted socket from [127.0.0.1:57832]
2026-02-26T20:48:35.559+0300 [DEBUG] [sun.rmi.transport.tcp] RMI TCP Connection(5)-127.0.0.1: (port 65002) op = 80
2026-02-26T20:48:35.560+0300 [DEBUG] [sun.rmi.loader] RMI TCP Connection(5)-127.0.0.1: name = "[Ljava.rmi.server.ObjID;", codebase = "", defaultLoader = jdk.internal.loader.ClassLoaders$PlatformClassLoader@b58650c
2026-02-26T20:48:35.560+0300 [DEBUG] [sun.rmi.loader] RMI TCP Connection(5)-127.0.0.1: name = "java.rmi.dgc.Lease", codebase = "", defaultLoader = jdk.internal.loader.ClassLoaders$PlatformClassLoader@b58650c
2026-02-26T20:48:35.560+0300 [DEBUG] [sun.rmi.loader] RMI TCP Connection(5)-127.0.0.1: name = "java.rmi.dgc.VMID", codebase = "", defaultLoader = jdk.internal.loader.ClassLoaders$PlatformClassLoader@b58650c
2026-02-26T20:48:35.560+0300 [DEBUG] [sun.rmi.loader] RMI TCP Connection(5)-127.0.0.1: name = "[B", codebase = "", defaultLoader = jdk.internal.loader.ClassLoaders$PlatformClassLoader@b58650c
2026-02-26T20:48:35.560+0300 [DEBUG] [sun.rmi.loader] RMI TCP Connection(5)-127.0.0.1: name = "java.rmi.server.UID", codebase = "", defaultLoader = jdk.internal.loader.ClassLoaders$PlatformClassLoader@b58650c
2026-02-26T20:48:38.515+0300 [DEBUG] [org.gradle.process.internal.health.memory.DefaultMemoryManager] 1650799820 physical memory requested, 913346560 free
2026-02-26T20:48:38.515+0300 [DEBUG] [org.gradle.workers.internal.WorkerDaemonExpiration] Will attempt to release 1574 of memory
2026-02-26T20:48:38.515+0300 [DEBUG] [org.gradle.process.internal.health.memory.DefaultMemoryManager] 1650799820 physical memory requested, 0 released, 913346560 free
2026-02-26T20:48:43.509+0300 [DEBUG] [org.gradle.process.internal.health.memory.DefaultMemoryManager] 1650799820 physical memory requested, 916242432 free
2026-02-26T20:48:43.509+0300 [DEBUG] [org.gradle.workers.internal.WorkerDaemonExpiration] Will attempt to release 1574 of memory
2026-02-26T20:48:43.509+0300 [DEBUG] [org.gradle.process.internal.health.memory.DefaultMemoryManager] 1650799820 physical memory requested, 0 released, 916242432 free
2026-02-26T20:48:44.520+0300 [DEBUG] [org.gradle.launcher.daemon.server.Daemon] Starting periodic daemon health check.
2026-02-26T20:48:44.524+0300 [DEBUG] [org.gradle.cache.internal.DefaultFileLockManager] Waiting to acquire shared lock on daemon addresses registry.
2026-02-26T20:48:44.525+0300 [DEBUG] [org.gradle.cache.internal.DefaultFileLockManager] Lock acquired on daemon addresses registry.
2026-02-26T20:48:44.525+0300 [DEBUG] [org.gradle.cache.internal.DefaultFileLockManager] Releasing lock on daemon addresses registry.
2026-02-26T20:48:44.532+0300 [DEBUG] [org.gradle.cache.internal.DefaultFileLockManager] Waiting to acquire shared lock on daemon addresses registry.
2026-02-26T20:48:44.532+0300 [DEBUG] [org.gradle.cache.internal.DefaultFileLockManager] Lock acquired on daemon addresses registry.
2026-02-26T20:48:44.532+0300 [DEBUG] [org.gradle.cache.internal.DefaultFileLockManager] Releasing lock on daemon addresses registry.
2026-02-26T20:48:44.535+0300 [DEBUG] [org.gradle.launcher.daemon.server.Daemon] Finished periodic daemon health check.
2026-02-26T20:48:48.516+0300 [DEBUG] [org.gradle.process.internal.health.memory.DefaultMemoryManager] 1650799820 physical memory requested, 865079296 free
2026-02-26T20:48:48.516+0300 [DEBUG] [org.gradle.workers.internal.WorkerDaemonExpiration] Will attempt to release 1574 of memory
2026-02-26T20:48:48.517+0300 [DEBUG] [org.gradle.process.internal.health.memory.DefaultMemoryManager] 1650799820 physical memory requested, 0 released, 865079296 free
2026-02-26T20:48:50.567+0300 [DEBUG] [sun.rmi.transport.tcp] RMI TCP Connection(5)-127.0.0.1: (port 65002) connection closed
2026-02-26T20:48:50.567+0300 [DEBUG] [sun.rmi.transport.tcp] RMI TCP Connection(5)-127.0.0.1: close connection, socket: Socket[addr=/127.0.0.1,port=57832,localport=65002]
2026-02-26T20:48:50.567+0300 [DEBUG] [sun.rmi.transport.tcp] RMI TCP Connection(5)-127.0.0.1: socket close: Socket[addr=/127.0.0.1,port=57832,localport=65002]
2026-02-26T20:48:53.512+0300 [DEBUG] [org.gradle.process.internal.health.memory.DefaultMemoryManager] 1650799820 physical memory requested, 885219328 free
2026-02-26T20:48:53.512+0300 [DEBUG] [org.gradle.workers.internal.WorkerDaemonExpiration] Will attempt to release 1574 of memory
2026-02-26T20:48:53.512+0300 [DEBUG] [org.gradle.process.internal.health.memory.DefaultMemoryManager] 1650799820 physical memory requested, 0 released, 885219328 free
2026-02-26T20:48:54.516+0300 [DEBUG] [org.gradle.launcher.daemon.server.Daemon] Starting periodic daemon health check.
2026-02-26T20:48:54.527+0300 [DEBUG] [org.gradle.cache.internal.DefaultFileLockManager] Waiting to acquire shared lock on daemon addresses registry.
2026-02-26T20:48:54.528+0300 [DEBUG] [org.gradle.cache.internal.DefaultFileLockManager] Lock acquired on daemon addresses registry.
2026-02-26T20:48:54.528+0300 [DEBUG] [org.gradle.cache.internal.DefaultFileLockManager] Releasing lock on daemon addresses registry.
2026-02-26T20:48:54.617+0300 [DEBUG] [org.gradle.cache.internal.DefaultFileLockManager] Waiting to acquire shared lock on daemon addresses registry.
2026-02-26T20:48:54.617+0300 [DEBUG] [org.gradle.cache.internal.DefaultFileLockManager] Lock acquired on daemon addresses registry.
2026-02-26T20:48:54.618+0300 [DEBUG] [org.gradle.cache.internal.DefaultFileLockManager] Releasing lock on daemon addresses registry.
2026-02-26T20:48:54.635+0300 [DEBUG] [org.gradle.launcher.daemon.server.Daemon] Finished periodic daemon health check.
2026-02-26T20:48:58.511+0300 [DEBUG] [org.gradle.process.internal.health.memory.DefaultMemoryManager] 1650799820 physical memory requested, 861552640 free
2026-02-26T20:48:58.511+0300 [DEBUG] [org.gradle.workers.internal.WorkerDaemonExpiration] Will attempt to release 1574 of memory
2026-02-26T20:48:58.511+0300 [DEBUG] [org.gradle.process.internal.health.memory.DefaultMemoryManager] 1650799820 physical memory requested, 0 released, 861552640 free
2026-02-26T20:49:03.552+0300 [DEBUG] [org.gradle.process.internal.health.memory.DefaultMemoryManager] 1650799820 physical memory requested, 841265152 free
2026-02-26T20:49:03.552+0300 [DEBUG] [org.gradle.workers.internal.WorkerDaemonExpiration] Will attempt to release 1574 of memory
2026-02-26T20:49:03.552+0300 [DEBUG] [org.gradle.process.internal.health.memory.DefaultMemoryManager] 1650799820 physical memory requested, 0 released, 841265152 free
2026-02-26T20:49:04.521+0300 [DEBUG] [org.gradle.launcher.daemon.server.Daemon] Starting periodic daemon health check.
2026-02-26T20:49:04.525+0300 [DEBUG] [org.gradle.cache.internal.DefaultFileLockManager] Waiting to acquire shared lock on daemon addresses registry.
2026-02-26T20:49:04.526+0300 [DEBUG] [org.gradle.cache.internal.DefaultFileLockManager] Lock acquired on daemon addresses registry.
2026-02-26T20:49:04.526+0300 [DEBUG] [org.gradle.cache.internal.DefaultFileLockManager] Releasing lock on daemon addresses registry.
2026-02-26T20:49:04.538+0300 [DEBUG] [org.gradle.cache.internal.DefaultFileLockManager] Waiting to acquire shared lock on daemon addresses registry.
2026-02-26T20:49:04.538+0300 [DEBUG] [org.gradle.cache.internal.DefaultFileLockManager] Lock acquired on daemon addresses registry.
2026-02-26T20:49:04.539+0300 [DEBUG] [org.gradle.cache.internal.DefaultFileLockManager] Releasing lock on daemon addresses registry.
2026-02-26T20:49:04.543+0300 [DEBUG] [org.gradle.launcher.daemon.server.Daemon] Finished periodic daemon health check.
2026-02-26T20:49:08.515+0300 [DEBUG] [org.gradle.process.internal.health.memory.DefaultMemoryManager] 1650799820 physical memory requested, 820305920 free
2026-02-26T20:49:08.515+0300 [DEBUG] [org.gradle.workers.internal.WorkerDaemonExpiration] Will attempt to release 1574 of memory
2026-02-26T20:49:08.515+0300 [DEBUG] [org.gradle.process.internal.health.memory.DefaultMemoryManager] 1650799820 physical memory requested, 0 released, 820305920 free
2026-02-26T20:49:13.515+0300 [DEBUG] [org.gradle.process.internal.health.memory.DefaultMemoryManager] 1650799820 physical memory requested, 821092352 free
2026-02-26T20:49:13.515+0300 [DEBUG] [org.gradle.workers.internal.WorkerDaemonExpiration] Will attempt to release 1574 of memory
2026-02-26T20:49:13.515+0300 [DEBUG] [org.gradle.process.internal.health.memory.DefaultMemoryManager] 1650799820 physical memory requested, 0 released, 821092352 free
2026-02-26T20:49:14.517+0300 [DEBUG] [org.gradle.launcher.daemon.server.Daemon] Starting periodic daemon health check.
2026-02-26T20:49:14.522+0300 [DEBUG] [org.gradle.cache.internal.DefaultFileLockManager] Waiting to acquire shared lock on daemon addresses registry.
2026-02-26T20:49:14.523+0300 [DEBUG] [org.gradle.cache.internal.DefaultFileLockManager] Lock acquired on daemon addresses registry.
2026-02-26T20:49:14.523+0300 [DEBUG] [org.gradle.cache.internal.DefaultFileLockManager] Releasing lock on daemon addresses registry.
2026-02-26T20:49:14.533+0300 [DEBUG] [org.gradle.cache.internal.DefaultFileLockManager] Waiting to acquire shared lock on daemon addresses registry.
2026-02-26T20:49:14.534+0300 [DEBUG] [org.gradle.cache.internal.DefaultFileLockManager] Lock acquired on daemon addresses registry.
2026-02-26T20:49:14.541+0300 [DEBUG] [org.gradle.cache.internal.DefaultFileLockManager] Releasing lock on daemon addresses registry.
2026-02-26T20:49:14.546+0300 [DEBUG] [org.gradle.launcher.daemon.server.Daemon] Finished periodic daemon health check.
2026-02-26T20:49:18.507+0300 [DEBUG] [org.gradle.process.internal.health.memory.DefaultMemoryManager] 1650799820 physical memory requested, 762511360 free
2026-02-26T20:49:18.507+0300 [DEBUG] [org.gradle.workers.internal.WorkerDaemonExpiration] Will attempt to release 1574 of memory
2026-02-26T20:49:18.507+0300 [DEBUG] [org.gradle.process.internal.health.memory.DefaultMemoryManager] 1650799820 physical memory requested, 0 released, 762511360 free
2026-02-26T20:49:20.846+0300 [DEBUG] [org.gradle.internal.remote.internal.inet.TcpIncomingConnector] Accepted connection from /127.0.0.1:63873 to /127.0.0.1:61069.
2026-02-26T20:49:20.849+0300 [DEBUG] [org.gradle.launcher.daemon.server.SynchronizedDispatchConnection] thread 479: received class org.gradle.launcher.daemon.protocol.Build
2026-02-26T20:49:20.850+0300 [DEBUG] [org.gradle.launcher.daemon.server.DefaultDaemonConnection] thread 479: Received non-IO message from client: Build{id=c6b0e708-82eb-4423-8c1a-993a66f1a3aa, currentDir=D:\Droid\Projects\HabitTrack}
2026-02-26T20:49:20.850+0300 [INFO] [org.gradle.launcher.daemon.server.DefaultIncomingConnectionHandler] Received command: Build{id=c6b0e708-82eb-4423-8c1a-993a66f1a3aa, currentDir=D:\Droid\Projects\HabitTrack}.
2026-02-26T20:49:20.850+0300 [DEBUG] [org.gradle.launcher.daemon.server.DefaultIncomingConnectionHandler] Starting executing command: Build{id=c6b0e708-82eb-4423-8c1a-993a66f1a3aa, currentDir=D:\Droid\Projects\HabitTrack} with connection: socket connection from /127.0.0.1:61069 to /127.0.0.1:63873.
2026-02-26T20:49:20.850+0300 [DEBUG] [org.gradle.launcher.daemon.server.DaemonStateCoordinator] Command execution: started DaemonCommandExecution[command = Build{id=c6b0e708-82eb-4423-8c1a-993a66f1a3aa, currentDir=D:\Droid\Projects\HabitTrack}, connection = DefaultDaemonConnection: socket connection from /127.0.0.1:61069 to /127.0.0.1:63873] after 5.339566666666667 minutes of idle
2026-02-26T20:49:20.850+0300 [INFO] [org.gradle.launcher.daemon.server.DaemonRegistryUpdater] Marking the daemon as busy, address: [23173140-43e1-476c-af1c-536fafbc6669 port:61069, addresses:[localhost/127.0.0.1]]
2026-02-26T20:49:20.850+0300 [DEBUG] [org.gradle.launcher.daemon.registry.PersistentDaemonRegistry] Marking busy by address: [23173140-43e1-476c-af1c-536fafbc6669 port:61069, addresses:[localhost/127.0.0.1]]
2026-02-26T20:49:20.859+0300 [DEBUG] [org.gradle.cache.internal.DefaultFileLockManager] Waiting to acquire exclusive lock on daemon addresses registry.
2026-02-26T20:49:20.859+0300 [DEBUG] [org.gradle.cache.internal.DefaultFileLockManager] Lock acquired on daemon addresses registry.
2026-02-26T20:49:20.860+0300 [DEBUG] [org.gradle.cache.internal.DefaultFileLockManager] Releasing lock on daemon addresses registry.
2026-02-26T20:49:20.864+0300 [DEBUG] [org.gradle.launcher.daemon.server.DaemonStateCoordinator] resetting idle timer
2026-02-26T20:49:20.864+0300 [DEBUG] [org.gradle.launcher.daemon.server.DaemonStateCoordinator] daemon is running. Sleeping until state changes.
2026-02-26T20:49:20.864+0300 [INFO] [org.gradle.launcher.daemon.server.exec.StartBuildOrRespondWithBusy] Daemon is about to start building Build{id=c6b0e708-82eb-4423-8c1a-993a66f1a3aa, currentDir=D:\Droid\Projects\HabitTrack}. Dispatching build started information...
2026-02-26T20:49:20.864+0300 [DEBUG] [org.gradle.launcher.daemon.server.SynchronizedDispatchConnection] thread 481: dispatching org.gradle.launcher.daemon.protocol.BuildStarted@631c5ba0
2026-02-26T20:49:20.865+0300 [DEBUG] [org.gradle.launcher.daemon.server.exec.EstablishBuildEnvironment] Configuring env variables: [USERDOMAIN_ROAMINGPROFILE, LOCALAPPDATA, PROCESSOR_LEVEL, USERDOMAIN, LOGONSERVER, FPS_BROWSER_APP_PROFILE_STRING, SESSIONNAME, ALLUSERSPROFILE, PROCESSOR_ARCHITECTURE, PSModulePath, SystemDrive, OneDrive, EFC_7876, APPDATA, USERNAME, ProgramFiles(x86), CommonProgramFiles, Path, FPS_BROWSER_USER_PROFILE_STRING, PATHEXT, DriverData, OS, COMPUTERNAME, PROCESSOR_REVISION, CommonProgramW6432, ComSpec, ProgramData, ProgramW6432, TEMP, HOMEPATH, SystemRoot, PROCESSOR_IDENTIFIER, HOMEDRIVE, USERPROFILE, TMP, CommonProgramFiles(x86), ProgramFiles, PUBLIC, windir, NUMBER_OF_PROCESSORS, =::]
2026-02-26T20:49:20.866+0300 [DEBUG] [org.gradle.launcher.daemon.server.exec.LogToClient] About to start relaying all logs to the client via the connection.
2026-02-26T20:49:20.866+0300 [INFO] [org.gradle.launcher.daemon.server.exec.LogToClient] The client will now receive all logging from the daemon (pid: 20604). The daemon log file: D:\Droid\Projects\HabitTrack\daemon\9.3.0\daemon-20604.out.log
2026-02-26T20:49:20.866+0300 [INFO] [org.gradle.launcher.daemon.server.exec.LogAndCheckHealth] Starting 4th build in daemon [uptime: 13 mins 56.683 secs, performance: 99%, GC rate: 0.00/s, heap usage: 0% of 2 GiB]
2026-02-26T20:49:20.867+0300 [DEBUG] [org.gradle.launcher.daemon.server.exec.ExecuteBuild] The daemon has started executing the build.
2026-02-26T20:49:20.867+0300 [DEBUG] [org.gradle.launcher.daemon.server.exec.ExecuteBuild] Executing build with daemon context: DefaultDaemonContext[uid=f382c510-9065-4eee-ba76-1c28373d147c,javaHome=D:\Droid\jbr,javaVersion=21,javaVendor=JetBrains s.r.o.,daemonRegistryDir=D:\Droid\Projects\HabitTrack\daemon,pid=20604,idleTimeout=10800000,priority=NORMAL,applyInstrumentationAgent=true,nativeServicesMode=ENABLED,daemonOpts=-Xmx2048m,-Dfile.encoding=UTF-8,-Duser.country=RU,-Duser.language=ru,-Duser.variant]
AGPBI: {"kind":"warning","text":"We recommend using a newer Android Gradle plugin to use compileSdk = 35\n\nThis Android Gradle plugin (8.5.0) was tested up to compileSdk = 34.\n\nYou are strongly encouraged to update your project to use a newer\nAndroid Gradle plugin that has been tested with compileSdk = 35.\n\nIf you are already using the latest version of the Android Gradle plugin,\nyou may need to wait until a newer version with support for compileSdk = 35 is available.\n\nFor more information refer to the compatibility table:\nhttps://d.android.com/r/tools/api-level-support\n\nTo suppress this warning, add/update\n    android.suppressUnsupportedCompileSdk=35\nto this project's gradle.properties.","sources":[{}]}

[Incubating] Problems report is available at: file:///D:/Droid/Projects/HabitTrack/build/reports/problems/problems-report.html

Deprecated Gradle features were used in this build, making it incompatible with Gradle 10.

You can use '--warning-mode all' to show the individual deprecation warnings and determine if they come from your own scripts or plugins.

For more on this, please refer to https://docs.gradle.org/9.3.0/userguide/command_line_interface.html#sec:command_line_warnings in the Gradle documentation.

BUILD SUCCESSFUL in 7s
36 actionable tasks: 7 executed, 29 up-to-date
Consider enabling configuration cache to speed up this build: https://docs.gradle.org/9.3.0/userguide/configuration_cache_enabling.html
2026-02-26T20:49:28.701+0300 [DEBUG] [org.gradle.launcher.daemon.server.exec.ExecuteBuild] The daemon has finished executing the build.
2026-02-26T20:49:28.711+0300 [DEBUG] [org.gradle.launcher.daemon.server.DaemonStateCoordinator] daemon is running. Sleeping until state changes.
2026-02-26T20:49:28.711+0300 [DEBUG] [org.gradle.launcher.daemon.server.DaemonStateCoordinator] Command execution: finished waiting for DaemonCommandExecution[command = Build{id=c6b0e708-82eb-4423-8c1a-993a66f1a3aa, currentDir=D:\Droid\Projects\HabitTrack}, connection = DefaultDaemonConnection: socket connection from /127.0.0.1:61069 to /127.0.0.1:63873]. Result org.gradle.launcher.daemon.server.DaemonStateCoordinator@110887b5 with state Busy
2026-02-26T20:49:28.711+0300 [DEBUG] [org.gradle.launcher.daemon.server.DaemonStateCoordinator] Command execution: completed DaemonCommandExecution[command = Build{id=c6b0e708-82eb-4423-8c1a-993a66f1a3aa, currentDir=D:\Droid\Projects\HabitTrack}, connection = DefaultDaemonConnection: socket connection from /127.0.0.1:61069 to /127.0.0.1:63873]
2026-02-26T20:49:28.711+0300 [DEBUG] [org.gradle.launcher.daemon.server.DaemonStateCoordinator] resetting idle timer
2026-02-26T20:49:28.711+0300 [INFO] [org.gradle.launcher.daemon.server.DaemonRegistryUpdater] Marking the daemon as idle, address: [23173140-43e1-476c-af1c-536fafbc6669 port:61069, addresses:[localhost/127.0.0.1]]
2026-02-26T20:49:28.711+0300 [DEBUG] [org.gradle.launcher.daemon.registry.PersistentDaemonRegistry] Marking busy by address: [23173140-43e1-476c-af1c-536fafbc6669 port:61069, addresses:[localhost/127.0.0.1]]
2026-02-26T20:49:28.717+0300 [DEBUG] [org.gradle.cache.internal.DefaultFileLockManager] Waiting to acquire exclusive lock on daemon addresses registry.
2026-02-26T20:49:28.717+0300 [DEBUG] [org.gradle.cache.internal.DefaultFileLockManager] Lock acquired on daemon addresses registry.
2026-02-26T20:49:28.718+0300 [DEBUG] [org.gradle.cache.internal.DefaultFileLockManager] Releasing lock on daemon addresses registry.
2026-02-26T20:49:28.723+0300 [DEBUG] [org.gradle.launcher.daemon.server.DaemonStateCoordinator] daemon is running. Sleeping until state changes.
2026-02-26T20:49:28.723+0300 [DEBUG] [org.gradle.launcher.daemon.server.exec.ReturnResult] Daemon is dispatching the build result: Success[value=org.gradle.launcher.exec.BuildActionResult@1bbeb171]
2026-02-26T20:49:28.723+0300 [DEBUG] [org.gradle.launcher.daemon.server.SynchronizedDispatchConnection] thread 478: dispatching Success[value=org.gradle.launcher.exec.BuildActionResult@1bbeb171]
2026-02-26T20:49:28.724+0300 [DEBUG] [org.gradle.launcher.daemon.server.SynchronizedDispatchConnection] thread 479: received class org.gradle.launcher.daemon.protocol.CloseInput
2026-02-26T20:49:28.724+0300 [DEBUG] [org.gradle.launcher.daemon.server.DefaultDaemonConnection] thread 479: Received IO message from client: org.gradle.launcher.daemon.protocol.CloseInput@2f02deda
2026-02-26T20:49:28.724+0300 [DEBUG] [org.gradle.launcher.daemon.server.DefaultIncomingConnectionHandler] Finishing executing command: Build{id=c6b0e708-82eb-4423-8c1a-993a66f1a3aa, currentDir=D:\Droid\Projects\HabitTrack}
2026-02-26T20:49:28.724+0300 [DEBUG] [org.gradle.launcher.daemon.server.SynchronizedDispatchConnection] thread 479: received class org.gradle.launcher.daemon.protocol.Finished
2026-02-26T20:49:28.724+0300 [DEBUG] [org.gradle.launcher.daemon.server.DefaultDaemonConnection] thread 479: Received non-IO message from client: org.gradle.launcher.daemon.protocol.Finished@21c5254a
2026-02-26T20:49:28.724+0300 [DEBUG] [org.gradle.launcher.daemon.server.DefaultIncomingConnectionHandler] Received finished message: org.gradle.launcher.daemon.protocol.Finished@21c5254a
2026-02-26T20:49:28.724+0300 [DEBUG] [org.gradle.launcher.daemon.server.exec.CleanUpVirtualFileSystemAfterBuild] Cleaning virtual file system after build finished
2026-02-26T20:49:28.724+0300 [DEBUG] [org.gradle.internal.remote.internal.inet.SocketConnection] Discarding EOFException: java.io.EOFException
2026-02-26T20:49:28.724+0300 [DEBUG] [org.gradle.launcher.daemon.server.SynchronizedDispatchConnection] thread 478: stopping connection
2026-02-26T20:49:28.724+0300 [DEBUG] [org.gradle.launcher.daemon.server.SynchronizedDispatchConnection] thread 479: received null
2026-02-26T20:49:28.724+0300 [DEBUG] [org.gradle.launcher.daemon.server.DefaultDaemonConnection] thread 479: Received end-of-input from client.
2026-02-26T20:49:28.725+0300 [DEBUG] [org.gradle.launcher.daemon.server.SynchronizedDispatchConnection] thread 478: stopping connection
2026-02-26T20:49:33.603+0300 [DEBUG] [org.gradle.process.internal.health.memory.DefaultMemoryManager] 1650799820 physical memory requested, 585887744 free
2026-02-26T20:49:33.603+0300 [DEBUG] [org.gradle.workers.internal.WorkerDaemonExpiration] Will attempt to release 1574 of memory
2026-02-26T20:49:33.604+0300 [DEBUG] [org.gradle.process.internal.health.memory.DefaultMemoryManager] 1650799820 physical memory requested, 0 released, 585887744 free
2026-02-26T20:49:34.554+0300 [DEBUG] [org.gradle.launcher.daemon.server.Daemon] Starting periodic daemon health check.
2026-02-26T20:49:34.569+0300 [DEBUG] [org.gradle.cache.internal.DefaultFileLockManager] Waiting to acquire shared lock on daemon addresses registry.
2026-02-26T20:49:34.571+0300 [DEBUG] [org.gradle.cache.internal.DefaultFileLockManager] Lock acquired on daemon addresses registry.
2026-02-26T20:49:34.621+0300 [DEBUG] [org.gradle.cache.internal.DefaultFileLockManager] Releasing lock on daemon addresses registry.
2026-02-26T20:49:34.637+0300 [DEBUG] [org.gradle.cache.internal.DefaultFileLockManager] Waiting to acquire shared lock on daemon addresses registry.
2026-02-26T20:49:34.638+0300 [DEBUG] [org.gradle.cache.internal.DefaultFileLockManager] Lock acquired on daemon addresses registry.
2026-02-26T20:49:34.638+0300 [DEBUG] [org.gradle.cache.internal.DefaultFileLockManager] Releasing lock on daemon addresses registry.
2026-02-26T20:49:34.667+0300 [DEBUG] [org.gradle.launcher.daemon.server.Daemon] Finished periodic daemon health check.
2026-02-26T20:49:38.516+0300 [DEBUG] [org.gradle.process.internal.health.memory.DefaultMemoryManager] 1650799820 physical memory requested, 459165696 free
2026-02-26T20:49:38.516+0300 [DEBUG] [org.gradle.workers.internal.WorkerDaemonExpiration] Will attempt to release 1574 of memory
2026-02-26T20:49:38.516+0300 [DEBUG] [org.gradle.process.internal.health.memory.DefaultMemoryManager] 1650799820 physical memory requested, 0 released, 459165696 free
2026-02-26T20:49:43.515+0300 [DEBUG] [org.gradle.process.internal.health.memory.DefaultMemoryManager] 1650799820 physical memory requested, 386224128 free
2026-02-26T20:49:43.516+0300 [DEBUG] [org.gradle.workers.internal.WorkerDaemonExpiration] Will attempt to release 1574 of memory
2026-02-26T20:49:43.516+0300 [DEBUG] [org.gradle.process.internal.health.memory.DefaultMemoryManager] 1650799820 physical memory requested, 0 released, 386224128 free
2026-02-26T20:49:44.513+0300 [DEBUG] [org.gradle.launcher.daemon.server.Daemon] Starting periodic daemon health check.
2026-02-26T20:49:44.534+0300 [DEBUG] [org.gradle.cache.internal.DefaultFileLockManager] Waiting to acquire shared lock on daemon addresses registry.
2026-02-26T20:49:44.535+0300 [DEBUG] [org.gradle.cache.internal.DefaultFileLockManager] Lock acquired on daemon addresses registry.
2026-02-26T20:49:44.536+0300 [DEBUG] [org.gradle.cache.internal.DefaultFileLockManager] Releasing lock on daemon addresses registry.
2026-02-26T20:49:44.573+0300 [DEBUG] [org.gradle.cache.internal.DefaultFileLockManager] Waiting to acquire shared lock on daemon addresses registry.
2026-02-26T20:49:44.576+0300 [DEBUG] [org.gradle.cache.internal.DefaultFileLockManager] Lock acquired on daemon addresses registry.
2026-02-26T20:49:44.576+0300 [DEBUG] [org.gradle.cache.internal.DefaultFileLockManager] Releasing lock on daemon addresses registry.
2026-02-26T20:49:44.599+0300 [DEBUG] [org.gradle.launcher.daemon.server.Daemon] Finished periodic daemon health check.
2026-02-26T20:49:48.625+0300 [DEBUG] [org.gradle.process.internal.health.memory.DefaultMemoryManager] 1650799820 physical memory requested, 246685696 free
2026-02-26T20:49:48.625+0300 [DEBUG] [org.gradle.workers.internal.WorkerDaemonExpiration] Will attempt to release 1574 of memory
2026-02-26T20:49:48.625+0300 [DEBUG] [org.gradle.process.internal.health.memory.DefaultMemoryManager] 1650799820 physical memory requested, 0 released, 246685696 free
2026-02-26T20:49:53.611+0300 [DEBUG] [org.gradle.process.internal.health.memory.DefaultMemoryManager] 1650799820 physical memory requested, 186626048 free
2026-02-26T20:49:53.612+0300 [DEBUG] [org.gradle.workers.internal.WorkerDaemonExpiration] Will attempt to release 1574 of memory
2026-02-26T20:49:53.612+0300 [DEBUG] [org.gradle.process.internal.health.memory.DefaultMemoryManager] 1650799820 physical memory requested, 0 released, 186626048 free
2026-02-26T20:49:54.511+0300 [DEBUG] [org.gradle.launcher.daemon.server.Daemon] Starting periodic daemon health check.
2026-02-26T20:49:54.534+0300 [DEBUG] [org.gradle.cache.internal.DefaultFileLockManager] Waiting to acquire shared lock on daemon addresses registry.
2026-02-26T20:49:54.534+0300 [DEBUG] [org.gradle.cache.internal.DefaultFileLockManager] Lock acquired on daemon addresses registry.
2026-02-26T20:49:54.535+0300 [DEBUG] [org.gradle.cache.internal.DefaultFileLockManager] Releasing lock on daemon addresses registry.
2026-02-26T20:49:54.561+0300 [DEBUG] [org.gradle.cache.internal.DefaultFileLockManager] Waiting to acquire shared lock on daemon addresses registry.
2026-02-26T20:49:54.562+0300 [DEBUG] [org.gradle.cache.internal.DefaultFileLockManager] Lock acquired on daemon addresses registry.
2026-02-26T20:49:54.562+0300 [DEBUG] [org.gradle.cache.internal.DefaultFileLockManager] Releasing lock on daemon addresses registry.
2026-02-26T20:49:54.573+0300 [DEBUG] [org.gradle.launcher.daemon.server.Daemon] Finished periodic daemon health check.
2026-02-26T20:49:58.511+0300 [DEBUG] [org.gradle.process.internal.health.memory.DefaultMemoryManager] 1650799820 physical memory requested, 187482112 free
2026-02-26T20:49:58.511+0300 [DEBUG] [org.gradle.workers.internal.WorkerDaemonExpiration] Will attempt to release 1574 of memory
2026-02-26T20:49:58.512+0300 [DEBUG] [org.gradle.process.internal.health.memory.DefaultMemoryManager] 1650799820 physical memory requested, 0 released, 187482112 free
2026-02-26T20:50:03.506+0300 [DEBUG] [org.gradle.process.internal.health.memory.DefaultMemoryManager] 1650799820 physical memory requested, 277778432 free
2026-02-26T20:50:03.506+0300 [DEBUG] [org.gradle.workers.internal.WorkerDaemonExpiration] Will attempt to release 1574 of memory
2026-02-26T20:50:03.506+0300 [DEBUG] [org.gradle.process.internal.health.memory.DefaultMemoryManager] 1650799820 physical memory requested, 0 released, 277778432 free
2026-02-26T20:50:04.511+0300 [DEBUG] [org.gradle.launcher.daemon.server.Daemon] Starting periodic daemon health check.
2026-02-26T20:50:04.525+0300 [DEBUG] [org.gradle.cache.internal.DefaultFileLockManager] Waiting to acquire shared lock on daemon addresses registry.
2026-02-26T20:50:04.525+0300 [DEBUG] [org.gradle.cache.internal.DefaultFileLockManager] Lock acquired on daemon addresses registry.
2026-02-26T20:50:04.525+0300 [DEBUG] [org.gradle.cache.internal.DefaultFileLockManager] Releasing lock on daemon addresses registry.
2026-02-26T20:50:04.565+0300 [DEBUG] [org.gradle.cache.internal.DefaultFileLockManager] Waiting to acquire shared lock on daemon addresses registry.
2026-02-26T20:50:04.565+0300 [DEBUG] [org.gradle.cache.internal.DefaultFileLockManager] Lock acquired on daemon addresses registry.
2026-02-26T20:50:04.566+0300 [DEBUG] [org.gradle.cache.internal.DefaultFileLockManager] Releasing lock on daemon addresses registry.
2026-02-26T20:50:04.583+0300 [DEBUG] [org.gradle.launcher.daemon.server.Daemon] Finished periodic daemon health check.
2026-02-26T20:50:08.518+0300 [DEBUG] [org.gradle.process.internal.health.memory.DefaultMemoryManager] 1650799820 physical memory requested, 109629440 free
2026-02-26T20:50:08.518+0300 [DEBUG] [org.gradle.workers.internal.WorkerDaemonExpiration] Will attempt to release 1574 of memory
2026-02-26T20:50:08.518+0300 [DEBUG] [org.gradle.process.internal.health.memory.DefaultMemoryManager] 1650799820 physical memory requested, 0 released, 109629440 free
2026-02-26T20:50:13.505+0300 [DEBUG] [org.gradle.process.internal.health.memory.DefaultMemoryManager] 1650799820 physical memory requested, 208801792 free
2026-02-26T20:50:13.505+0300 [DEBUG] [org.gradle.workers.internal.WorkerDaemonExpiration] Will attempt to release 1574 of memory
2026-02-26T20:50:13.505+0300 [DEBUG] [org.gradle.process.internal.health.memory.DefaultMemoryManager] 1650799820 physical memory requested, 0 released, 208801792 free
2026-02-26T20:50:14.510+0300 [DEBUG] [org.gradle.launcher.daemon.server.Daemon] Starting periodic daemon health check.
2026-02-26T20:50:14.520+0300 [DEBUG] [org.gradle.cache.internal.DefaultFileLockManager] Waiting to acquire shared lock on daemon addresses registry.
2026-02-26T20:50:14.521+0300 [DEBUG] [org.gradle.cache.internal.DefaultFileLockManager] Lock acquired on daemon addresses registry.
2026-02-26T20:50:14.521+0300 [DEBUG] [org.gradle.cache.internal.DefaultFileLockManager] Releasing lock on daemon addresses registry.
2026-02-26T20:50:14.541+0300 [DEBUG] [org.gradle.cache.internal.DefaultFileLockManager] Waiting to acquire shared lock on daemon addresses registry.
2026-02-26T20:50:14.541+0300 [DEBUG] [org.gradle.cache.internal.DefaultFileLockManager] Lock acquired on daemon addresses registry.
2026-02-26T20:50:14.541+0300 [DEBUG] [org.gradle.cache.internal.DefaultFileLockManager] Releasing lock on daemon addresses registry.
2026-02-26T20:50:14.550+0300 [DEBUG] [org.gradle.launcher.daemon.server.Daemon] Finished periodic daemon health check.
2026-02-26T20:50:18.503+0300 [DEBUG] [org.gradle.process.internal.health.memory.DefaultMemoryManager] 1650799820 physical memory requested, 345325568 free
2026-02-26T20:50:18.503+0300 [DEBUG] [org.gradle.workers.internal.WorkerDaemonExpiration] Will attempt to release 1574 of memory
2026-02-26T20:50:18.504+0300 [DEBUG] [org.gradle.process.internal.health.memory.DefaultMemoryManager] 1650799820 physical memory requested, 0 released, 345325568 free
2026-02-26T20:50:23.504+0300 [DEBUG] [org.gradle.process.internal.health.memory.DefaultMemoryManager] 1650799820 physical memory requested, 465256448 free
2026-02-26T20:50:23.504+0300 [DEBUG] [org.gradle.workers.internal.WorkerDaemonExpiration] Will attempt to release 1574 of memory
2026-02-26T20:50:23.504+0300 [DEBUG] [org.gradle.process.internal.health.memory.DefaultMemoryManager] 1650799820 physical memory requested, 0 released, 465256448 free
2026-02-26T20:50:24.512+0300 [DEBUG] [org.gradle.launcher.daemon.server.Daemon] Starting periodic daemon health check.
2026-02-26T20:50:24.524+0300 [DEBUG] [org.gradle.cache.internal.DefaultFileLockManager] Waiting to acquire shared lock on daemon addresses registry.
2026-02-26T20:50:24.524+0300 [DEBUG] [org.gradle.cache.internal.DefaultFileLockManager] Lock acquired on daemon addresses registry.
2026-02-26T20:50:24.525+0300 [DEBUG] [org.gradle.cache.internal.DefaultFileLockManager] Releasing lock on daemon addresses registry.
2026-02-26T20:50:24.541+0300 [DEBUG] [org.gradle.cache.internal.DefaultFileLockManager] Waiting to acquire shared lock on daemon addresses registry.
2026-02-26T20:50:24.541+0300 [DEBUG] [org.gradle.cache.internal.DefaultFileLockManager] Lock acquired on daemon addresses registry.
2026-02-26T20:50:24.541+0300 [DEBUG] [org.gradle.cache.internal.DefaultFileLockManager] Releasing lock on daemon addresses registry.
2026-02-26T20:50:24.550+0300 [DEBUG] [org.gradle.launcher.daemon.server.Daemon] Finished periodic daemon health check.
2026-02-26T20:50:28.505+0300 [DEBUG] [org.gradle.process.internal.health.memory.DefaultMemoryManager] 1650799820 physical memory requested, 428896256 free
2026-02-26T20:50:28.505+0300 [DEBUG] [org.gradle.workers.internal.WorkerDaemonExpiration] Will attempt to release 1574 of memory
2026-02-26T20:50:28.505+0300 [DEBUG] [org.gradle.process.internal.health.memory.DefaultMemoryManager] 1650799820 physical memory requested, 0 released, 428896256 free
2026-02-26T20:50:33.505+0300 [DEBUG] [org.gradle.process.internal.health.memory.DefaultMemoryManager] 1650799820 physical memory requested, 395595776 free
2026-02-26T20:50:33.505+0300 [DEBUG] [org.gradle.workers.internal.WorkerDaemonExpiration] Will attempt to release 1574 of memory
2026-02-26T20:50:33.505+0300 [DEBUG] [org.gradle.process.internal.health.memory.DefaultMemoryManager] 1650799820 physical memory requested, 0 released, 395595776 free
2026-02-26T20:50:34.512+0300 [DEBUG] [org.gradle.launcher.daemon.server.Daemon] Starting periodic daemon health check.
2026-02-26T20:50:34.520+0300 [DEBUG] [org.gradle.cache.internal.DefaultFileLockManager] Waiting to acquire shared lock on daemon addresses registry.
2026-02-26T20:50:34.520+0300 [DEBUG] [org.gradle.cache.internal.DefaultFileLockManager] Lock acquired on daemon addresses registry.
2026-02-26T20:50:34.521+0300 [DEBUG] [org.gradle.cache.internal.DefaultFileLockManager] Releasing lock on daemon addresses registry.
2026-02-26T20:50:34.537+0300 [DEBUG] [org.gradle.cache.internal.DefaultFileLockManager] Waiting to acquire shared lock on daemon addresses registry.
2026-02-26T20:50:34.537+0300 [DEBUG] [org.gradle.cache.internal.DefaultFileLockManager] Lock acquired on daemon addresses registry.
2026-02-26T20:50:34.537+0300 [DEBUG] [org.gradle.cache.internal.DefaultFileLockManager] Releasing lock on daemon addresses registry.
2026-02-26T20:50:34.543+0300 [DEBUG] [org.gradle.launcher.daemon.server.Daemon] Finished periodic daemon health check.
2026-02-26T20:50:38.504+0300 [DEBUG] [org.gradle.process.internal.health.memory.DefaultMemoryManager] 1650799820 physical memory requested, 344629248 free
2026-02-26T20:50:38.504+0300 [DEBUG] [org.gradle.workers.internal.WorkerDaemonExpiration] Will attempt to release 1574 of memory
2026-02-26T20:50:38.504+0300 [DEBUG] [org.gradle.process.internal.health.memory.DefaultMemoryManager] 1650799820 physical memory requested, 0 released, 344629248 free
2026-02-26T20:50:43.503+0300 [DEBUG] [org.gradle.process.internal.health.memory.DefaultMemoryManager] 1650799820 physical memory requested, 355565568 free
2026-02-26T20:50:43.503+0300 [DEBUG] [org.gradle.workers.internal.WorkerDaemonExpiration] Will attempt to release 1574 of memory
2026-02-26T20:50:43.503+0300 [DEBUG] [org.gradle.process.internal.health.memory.DefaultMemoryManager] 1650799820 physical memory requested, 0 released, 355565568 free
2026-02-26T20:50:44.513+0300 [DEBUG] [org.gradle.launcher.daemon.server.Daemon] Starting periodic daemon health check.
2026-02-26T20:50:44.517+0300 [DEBUG] [org.gradle.cache.internal.DefaultFileLockManager] Waiting to acquire shared lock on daemon addresses registry.
2026-02-26T20:50:44.518+0300 [DEBUG] [org.gradle.cache.internal.DefaultFileLockManager] Lock acquired on daemon addresses registry.
2026-02-26T20:50:44.518+0300 [DEBUG] [org.gradle.cache.internal.DefaultFileLockManager] Releasing lock on daemon addresses registry.
2026-02-26T20:50:44.526+0300 [DEBUG] [org.gradle.cache.internal.DefaultFileLockManager] Waiting to acquire shared lock on daemon addresses registry.
2026-02-26T20:50:44.526+0300 [DEBUG] [org.gradle.cache.internal.DefaultFileLockManager] Lock acquired on daemon addresses registry.
2026-02-26T20:50:44.526+0300 [DEBUG] [org.gradle.cache.internal.DefaultFileLockManager] Releasing lock on daemon addresses registry.
2026-02-26T20:50:44.531+0300 [DEBUG] [org.gradle.launcher.daemon.server.Daemon] Finished periodic daemon health check.
2026-02-26T20:50:48.503+0300 [DEBUG] [org.gradle.process.internal.health.memory.DefaultMemoryManager] 1650799820 physical memory requested, 342454272 free
2026-02-26T20:50:48.503+0300 [DEBUG] [org.gradle.workers.internal.WorkerDaemonExpiration] Will attempt to release 1574 of memory
2026-02-26T20:50:48.503+0300 [DEBUG] [org.gradle.process.internal.health.memory.DefaultMemoryManager] 1650799820 physical memory requested, 0 released, 342454272 free
2026-02-26T20:50:53.503+0300 [DEBUG] [org.gradle.process.internal.health.memory.DefaultMemoryManager] 1650799820 physical memory requested, 343175168 free
2026-02-26T20:50:53.503+0300 [DEBUG] [org.gradle.workers.internal.WorkerDaemonExpiration] Will attempt to release 1574 of memory
2026-02-26T20:50:53.503+0300 [DEBUG] [org.gradle.process.internal.health.memory.DefaultMemoryManager] 1650799820 physical memory requested, 0 released, 343175168 free
2026-02-26T20:50:54.513+0300 [DEBUG] [org.gradle.launcher.daemon.server.Daemon] Starting periodic daemon health check.
2026-02-26T20:50:54.517+0300 [DEBUG] [org.gradle.cache.internal.DefaultFileLockManager] Waiting to acquire shared lock on daemon addresses registry.
2026-02-26T20:50:54.517+0300 [DEBUG] [org.gradle.cache.internal.DefaultFileLockManager] Lock acquired on daemon addresses registry.
2026-02-26T20:50:54.518+0300 [DEBUG] [org.gradle.cache.internal.DefaultFileLockManager] Releasing lock on daemon addresses registry.
2026-02-26T20:50:54.527+0300 [DEBUG] [org.gradle.cache.internal.DefaultFileLockManager] Waiting to acquire shared lock on daemon addresses registry.
2026-02-26T20:50:54.527+0300 [DEBUG] [org.gradle.cache.internal.DefaultFileLockManager] Lock acquired on daemon addresses registry.
2026-02-26T20:50:54.528+0300 [DEBUG] [org.gradle.cache.internal.DefaultFileLockManager] Releasing lock on daemon addresses registry.
2026-02-26T20:50:54.532+0300 [DEBUG] [org.gradle.launcher.daemon.server.Daemon] Finished periodic daemon health check.
2026-02-26T20:50:58.503+0300 [DEBUG] [org.gradle.process.internal.health.memory.DefaultMemoryManager] 1650799820 physical memory requested, 330121216 free
2026-02-26T20:50:58.504+0300 [DEBUG] [org.gradle.workers.internal.WorkerDaemonExpiration] Will attempt to release 1574 of memory
2026-02-26T20:50:58.504+0300 [DEBUG] [org.gradle.process.internal.health.memory.DefaultMemoryManager] 1650799820 physical memory requested, 0 released, 330121216 free
2026-02-26T20:51:03.503+0300 [DEBUG] [org.gradle.process.internal.health.memory.DefaultMemoryManager] 1650799820 physical memory requested, 336490496 free
2026-02-26T20:51:03.504+0300 [DEBUG] [org.gradle.workers.internal.WorkerDaemonExpiration] Will attempt to release 1574 of memory
2026-02-26T20:51:03.504+0300 [DEBUG] [org.gradle.process.internal.health.memory.DefaultMemoryManager] 1650799820 physical memory requested, 0 released, 336490496 free
2026-02-26T20:51:04.511+0300 [DEBUG] [org.gradle.launcher.daemon.server.Daemon] Starting periodic daemon health check.
2026-02-26T20:51:04.516+0300 [DEBUG] [org.gradle.cache.internal.DefaultFileLockManager] Waiting to acquire shared lock on daemon addresses registry.
2026-02-26T20:51:04.516+0300 [DEBUG] [org.gradle.cache.internal.DefaultFileLockManager] Lock acquired on daemon addresses registry.
2026-02-26T20:51:04.516+0300 [DEBUG] [org.gradle.cache.internal.DefaultFileLockManager] Releasing lock on daemon addresses registry.
2026-02-26T20:51:04.527+0300 [DEBUG] [org.gradle.cache.internal.DefaultFileLockManager] Waiting to acquire shared lock on daemon addresses registry.
2026-02-26T20:51:04.527+0300 [DEBUG] [org.gradle.cache.internal.DefaultFileLockManager] Lock acquired on daemon addresses registry.
2026-02-26T20:51:04.527+0300 [DEBUG] [org.gradle.cache.internal.DefaultFileLockManager] Releasing lock on daemon addresses registry.
2026-02-26T20:51:04.532+0300 [DEBUG] [org.gradle.launcher.daemon.server.Daemon] Finished periodic daemon health check.
2026-02-26T20:51:08.505+0300 [DEBUG] [org.gradle.process.internal.health.memory.DefaultMemoryManager] 1650799820 physical memory requested, 360951808 free
2026-02-26T20:51:08.505+0300 [DEBUG] [org.gradle.workers.internal.WorkerDaemonExpiration] Will attempt to release 1574 of memory
2026-02-26T20:51:08.505+0300 [DEBUG] [org.gradle.process.internal.health.memory.DefaultMemoryManager] 1650799820 physical memory requested, 0 released, 360951808 free
2026-02-26T20:51:13.503+0300 [DEBUG] [org.gradle.process.internal.health.memory.DefaultMemoryManager] 1650799820 physical memory requested, 354418688 free
2026-02-26T20:51:13.503+0300 [DEBUG] [org.gradle.workers.internal.WorkerDaemonExpiration] Will attempt to release 1574 of memory
2026-02-26T20:51:13.503+0300 [DEBUG] [org.gradle.process.internal.health.memory.DefaultMemoryManager] 1650799820 physical memory requested, 0 released, 354418688 free
2026-02-26T20:51:14.512+0300 [DEBUG] [org.gradle.launcher.daemon.server.Daemon] Starting periodic daemon health check.
2026-02-26T20:51:14.520+0300 [DEBUG] [org.gradle.cache.internal.DefaultFileLockManager] Waiting to acquire shared lock on daemon addresses registry.
2026-02-26T20:51:14.520+0300 [DEBUG] [org.gradle.cache.internal.DefaultFileLockManager] Lock acquired on daemon addresses registry.
2026-02-26T20:51:14.520+0300 [DEBUG] [org.gradle.cache.internal.DefaultFileLockManager] Releasing lock on daemon addresses registry.
2026-02-26T20:51:14.537+0300 [DEBUG] [org.gradle.cache.internal.DefaultFileLockManager] Waiting to acquire shared lock on daemon addresses registry.
2026-02-26T20:51:14.537+0300 [DEBUG] [org.gradle.cache.internal.DefaultFileLockManager] Lock acquired on daemon addresses registry.
2026-02-26T20:51:14.537+0300 [DEBUG] [org.gradle.cache.internal.DefaultFileLockManager] Releasing lock on daemon addresses registry.
2026-02-26T20:51:14.549+0300 [DEBUG] [org.gradle.launcher.daemon.server.Daemon] Finished periodic daemon health check.
2026-02-26T20:51:18.507+0300 [DEBUG] [org.gradle.process.internal.health.memory.DefaultMemoryManager] 1650799820 physical memory requested, 285818880 free
2026-02-26T20:51:18.507+0300 [DEBUG] [org.gradle.workers.internal.WorkerDaemonExpiration] Will attempt to release 1574 of memory
2026-02-26T20:51:18.508+0300 [DEBUG] [org.gradle.process.internal.health.memory.DefaultMemoryManager] 1650799820 physical memory requested, 0 released, 285818880 free
2026-02-26T20:51:23.503+0300 [DEBUG] [org.gradle.process.internal.health.memory.DefaultMemoryManager] 1650799820 physical memory requested, 628719616 free
2026-02-26T20:51:23.503+0300 [DEBUG] [org.gradle.workers.internal.WorkerDaemonExpiration] Will attempt to release 1574 of memory
2026-02-26T20:51:23.503+0300 [DEBUG] [org.gradle.process.internal.health.memory.DefaultMemoryManager] 1650799820 physical memory requested, 0 released, 628719616 free
2026-02-26T20:51:24.512+0300 [DEBUG] [org.gradle.launcher.daemon.server.Daemon] Starting periodic daemon health check.
2026-02-26T20:51:24.520+0300 [DEBUG] [org.gradle.cache.internal.DefaultFileLockManager] Waiting to acquire shared lock on daemon addresses registry.
2026-02-26T20:51:24.520+0300 [DEBUG] [org.gradle.cache.internal.DefaultFileLockManager] Lock acquired on daemon addresses registry.
2026-02-26T20:51:24.520+0300 [DEBUG] [org.gradle.cache.internal.DefaultFileLockManager] Releasing lock on daemon addresses registry.
2026-02-26T20:51:24.532+0300 [DEBUG] [org.gradle.cache.internal.DefaultFileLockManager] Waiting to acquire shared lock on daemon addresses registry.
2026-02-26T20:51:24.532+0300 [DEBUG] [org.gradle.cache.internal.DefaultFileLockManager] Lock acquired on daemon addresses registry.
2026-02-26T20:51:24.532+0300 [DEBUG] [org.gradle.cache.internal.DefaultFileLockManager] Releasing lock on daemon addresses registry.
2026-02-26T20:51:24.539+0300 [DEBUG] [org.gradle.launcher.daemon.server.Daemon] Finished periodic daemon health check.
2026-02-26T20:51:28.507+0300 [DEBUG] [org.gradle.process.internal.health.memory.DefaultMemoryManager] 1650799820 physical memory requested, 528056320 free
2026-02-26T20:51:28.508+0300 [DEBUG] [org.gradle.workers.internal.WorkerDaemonExpiration] Will attempt to release 1574 of memory
2026-02-26T20:51:28.508+0300 [DEBUG] [org.gradle.process.internal.health.memory.DefaultMemoryManager] 1650799820 physical memory requested, 0 released, 528056320 free
2026-02-26T20:51:33.532+0300 [DEBUG] [org.gradle.process.internal.health.memory.DefaultMemoryManager] 1650799820 physical memory requested, 456765440 free
2026-02-26T20:51:33.532+0300 [DEBUG] [org.gradle.workers.internal.WorkerDaemonExpiration] Will attempt to release 1574 of memory
2026-02-26T20:51:33.532+0300 [DEBUG] [org.gradle.process.internal.health.memory.DefaultMemoryManager] 1650799820 physical memory requested, 0 released, 456765440 free
2026-02-26T20:51:34.549+0300 [DEBUG] [org.gradle.launcher.daemon.server.Daemon] Starting periodic daemon health check.
2026-02-26T20:51:34.571+0300 [DEBUG] [org.gradle.cache.internal.DefaultFileLockManager] Waiting to acquire shared lock on daemon addresses registry.
2026-02-26T20:51:34.572+0300 [DEBUG] [org.gradle.cache.internal.DefaultFileLockManager] Lock acquired on daemon addresses registry.
2026-02-26T20:51:34.573+0300 [DEBUG] [org.gradle.cache.internal.DefaultFileLockManager] Releasing lock on daemon addresses registry.
2026-02-26T20:51:34.652+0300 [DEBUG] [org.gradle.cache.internal.DefaultFileLockManager] Waiting to acquire shared lock on daemon addresses registry.
2026-02-26T20:51:34.652+0300 [DEBUG] [org.gradle.cache.internal.DefaultFileLockManager] Lock acquired on daemon addresses registry.
2026-02-26T20:51:34.653+0300 [DEBUG] [org.gradle.cache.internal.DefaultFileLockManager] Releasing lock on daemon addresses registry.
2026-02-26T20:51:34.710+0300 [DEBUG] [org.gradle.launcher.daemon.server.Daemon] Finished periodic daemon health check.
2026-02-26T20:51:38.504+0300 [DEBUG] [org.gradle.process.internal.health.memory.DefaultMemoryManager] 1650799820 physical memory requested, 351379456 free
2026-02-26T20:51:38.504+0300 [DEBUG] [org.gradle.workers.internal.WorkerDaemonExpiration] Will attempt to release 1574 of memory
2026-02-26T20:51:38.504+0300 [DEBUG] [org.gradle.process.internal.health.memory.DefaultMemoryManager] 1650799820 physical memory requested, 0 released, 351379456 free
2026-02-26T20:51:43.506+0300 [DEBUG] [org.gradle.process.internal.health.memory.DefaultMemoryManager] 1650799820 physical memory requested, 356995072 free
2026-02-26T20:51:43.506+0300 [DEBUG] [org.gradle.workers.internal.WorkerDaemonExpiration] Will attempt to release 1574 of memory
2026-02-26T20:51:43.506+0300 [DEBUG] [org.gradle.process.internal.health.memory.DefaultMemoryManager] 1650799820 physical memory requested, 0 released, 356995072 free
2026-02-26T20:51:44.513+0300 [DEBUG] [org.gradle.launcher.daemon.server.Daemon] Starting periodic daemon health check.
2026-02-26T20:51:44.534+0300 [DEBUG] [org.gradle.cache.internal.DefaultFileLockManager] Waiting to acquire shared lock on daemon addresses registry.
2026-02-26T20:51:44.534+0300 [DEBUG] [org.gradle.cache.internal.DefaultFileLockManager] Lock acquired on daemon addresses registry.
2026-02-26T20:51:44.535+0300 [DEBUG] [org.gradle.cache.internal.DefaultFileLockManager] Releasing lock on daemon addresses registry.
2026-02-26T20:51:44.567+0300 [DEBUG] [org.gradle.cache.internal.DefaultFileLockManager] Waiting to acquire shared lock on daemon addresses registry.
2026-02-26T20:51:44.567+0300 [DEBUG] [org.gradle.cache.internal.DefaultFileLockManager] Lock acquired on daemon addresses registry.
2026-02-26T20:51:44.568+0300 [DEBUG] [org.gradle.cache.internal.DefaultFileLockManager] Releasing lock on daemon addresses registry.
2026-02-26T20:51:44.583+0300 [DEBUG] [org.gradle.launcher.daemon.server.Daemon] Finished periodic daemon health check.
2026-02-26T20:51:48.528+0300 [DEBUG] [org.gradle.process.internal.health.memory.DefaultMemoryManager] 1650799820 physical memory requested, 229163008 free
2026-02-26T20:51:48.529+0300 [DEBUG] [org.gradle.workers.internal.WorkerDaemonExpiration] Will attempt to release 1574 of memory
2026-02-26T20:51:48.529+0300 [DEBUG] [org.gradle.process.internal.health.memory.DefaultMemoryManager] 1650799820 physical memory requested, 0 released, 229163008 free
2026-02-26T20:51:53.593+0300 [DEBUG] [org.gradle.process.internal.health.memory.DefaultMemoryManager] 1650799820 physical memory requested, 422658048 free
2026-02-26T20:51:53.593+0300 [DEBUG] [org.gradle.workers.internal.WorkerDaemonExpiration] Will attempt to release 1574 of memory
2026-02-26T20:51:53.593+0300 [DEBUG] [org.gradle.process.internal.health.memory.DefaultMemoryManager] 1650799820 physical memory requested, 0 released, 422658048 free
2026-02-26T20:51:54.515+0300 [DEBUG] [org.gradle.launcher.daemon.server.Daemon] Starting periodic daemon health check.
2026-02-26T20:51:54.560+0300 [DEBUG] [org.gradle.cache.internal.DefaultFileLockManager] Waiting to acquire shared lock on daemon addresses registry.
2026-02-26T20:51:54.564+0300 [DEBUG] [org.gradle.cache.internal.DefaultFileLockManager] Lock acquired on daemon addresses registry.
2026-02-26T20:51:54.565+0300 [DEBUG] [org.gradle.cache.internal.DefaultFileLockManager] Releasing lock on daemon addresses registry.
2026-02-26T20:51:54.643+0300 [DEBUG] [org.gradle.cache.internal.DefaultFileLockManager] Waiting to acquire shared lock on daemon addresses registry.
2026-02-26T20:51:54.644+0300 [DEBUG] [org.gradle.cache.internal.DefaultFileLockManager] Lock acquired on daemon addresses registry.
2026-02-26T20:51:54.646+0300 [DEBUG] [org.gradle.cache.internal.DefaultFileLockManager] Releasing lock on daemon addresses registry.
2026-02-26T20:51:54.712+0300 [DEBUG] [org.gradle.launcher.daemon.server.Daemon] Finished periodic daemon health check.
2026-02-26T20:51:58.525+0300 [DEBUG] [org.gradle.process.internal.health.memory.DefaultMemoryManager] 1650799820 physical memory requested, 348864512 free
2026-02-26T20:51:58.525+0300 [DEBUG] [org.gradle.workers.internal.WorkerDaemonExpiration] Will attempt to release 1574 of memory
2026-02-26T20:51:58.525+0300 [DEBUG] [org.gradle.process.internal.health.memory.DefaultMemoryManager] 1650799820 physical memory requested, 0 released, 348864512 free
2026-02-26T20:52:03.515+0300 [DEBUG] [org.gradle.process.internal.health.memory.DefaultMemoryManager] 1650799820 physical memory requested, 422383616 free
2026-02-26T20:52:03.515+0300 [DEBUG] [org.gradle.workers.internal.WorkerDaemonExpiration] Will attempt to release 1574 of memory
2026-02-26T20:52:03.515+0300 [DEBUG] [org.gradle.process.internal.health.memory.DefaultMemoryManager] 1650799820 physical memory requested, 0 released, 422383616 free
2026-02-26T20:52:04.517+0300 [DEBUG] [org.gradle.launcher.daemon.server.Daemon] Starting periodic daemon health check.
2026-02-26T20:52:04.530+0300 [DEBUG] [org.gradle.cache.internal.DefaultFileLockManager] Waiting to acquire shared lock on daemon addresses registry.
2026-02-26T20:52:04.530+0300 [DEBUG] [org.gradle.cache.internal.DefaultFileLockManager] Lock acquired on daemon addresses registry.
2026-02-26T20:52:04.530+0300 [DEBUG] [org.gradle.cache.internal.DefaultFileLockManager] Releasing lock on daemon addresses registry.
2026-02-26T20:52:04.554+0300 [DEBUG] [org.gradle.cache.internal.DefaultFileLockManager] Waiting to acquire shared lock on daemon addresses registry.
2026-02-26T20:52:04.554+0300 [DEBUG] [org.gradle.cache.internal.DefaultFileLockManager] Lock acquired on daemon addresses registry.
2026-02-26T20:52:04.554+0300 [DEBUG] [org.gradle.cache.internal.DefaultFileLockManager] Releasing lock on daemon addresses registry.
2026-02-26T20:52:04.571+0300 [DEBUG] [org.gradle.launcher.daemon.server.Daemon] Finished periodic daemon health check.
2026-02-26T20:52:08.518+0300 [DEBUG] [org.gradle.process.internal.health.memory.DefaultMemoryManager] 1650799820 physical memory requested, 403595264 free
2026-02-26T20:52:08.518+0300 [DEBUG] [org.gradle.workers.internal.WorkerDaemonExpiration] Will attempt to release 1574 of memory
2026-02-26T20:52:08.519+0300 [DEBUG] [org.gradle.process.internal.health.memory.DefaultMemoryManager] 1650799820 physical memory requested, 0 released, 403595264 free
2026-02-26T20:52:13.510+0300 [DEBUG] [org.gradle.process.internal.health.memory.DefaultMemoryManager] 1650799820 physical memory requested, 421953536 free
2026-02-26T20:52:13.510+0300 [DEBUG] [org.gradle.workers.internal.WorkerDaemonExpiration] Will attempt to release 1574 of memory
2026-02-26T20:52:13.510+0300 [DEBUG] [org.gradle.process.internal.health.memory.DefaultMemoryManager] 1650799820 physical memory requested, 0 released, 421953536 free
2026-02-26T20:52:14.514+0300 [DEBUG] [org.gradle.launcher.daemon.server.Daemon] Starting periodic daemon health check.
2026-02-26T20:52:14.523+0300 [DEBUG] [org.gradle.cache.internal.DefaultFileLockManager] Waiting to acquire shared lock on daemon addresses registry.
2026-02-26T20:52:14.523+0300 [DEBUG] [org.gradle.cache.internal.DefaultFileLockManager] Lock acquired on daemon addresses registry.
2026-02-26T20:52:14.524+0300 [DEBUG] [org.gradle.cache.internal.DefaultFileLockManager] Releasing lock on daemon addresses registry.
2026-02-26T20:52:14.546+0300 [DEBUG] [org.gradle.cache.internal.DefaultFileLockManager] Waiting to acquire shared lock on daemon addresses registry.
2026-02-26T20:52:14.547+0300 [DEBUG] [org.gradle.cache.internal.DefaultFileLockManager] Lock acquired on daemon addresses registry.
2026-02-26T20:52:14.547+0300 [DEBUG] [org.gradle.cache.internal.DefaultFileLockManager] Releasing lock on daemon addresses registry.
2026-02-26T20:52:14.555+0300 [DEBUG] [org.gradle.launcher.daemon.server.Daemon] Finished periodic daemon health check.
2026-02-26T20:52:18.530+0300 [DEBUG] [org.gradle.process.internal.health.memory.DefaultMemoryManager] 1650799820 physical memory requested, 307699712 free
2026-02-26T20:52:18.531+0300 [DEBUG] [org.gradle.workers.internal.WorkerDaemonExpiration] Will attempt to release 1574 of memory
2026-02-26T20:52:18.531+0300 [DEBUG] [org.gradle.process.internal.health.memory.DefaultMemoryManager] 1650799820 physical memory requested, 0 released, 307699712 free
2026-02-26T20:52:23.511+0300 [DEBUG] [org.gradle.process.internal.health.memory.DefaultMemoryManager] 1650799820 physical memory requested, 352452608 free
2026-02-26T20:52:23.511+0300 [DEBUG] [org.gradle.workers.internal.WorkerDaemonExpiration] Will attempt to release 1574 of memory
2026-02-26T20:52:23.511+0300 [DEBUG] [org.gradle.process.internal.health.memory.DefaultMemoryManager] 1650799820 physical memory requested, 0 released, 352452608 free
2026-02-26T20:52:24.525+0300 [DEBUG] [org.gradle.launcher.daemon.server.Daemon] Starting periodic daemon health check.
2026-02-26T20:52:24.545+0300 [DEBUG] [org.gradle.cache.internal.DefaultFileLockManager] Waiting to acquire shared lock on daemon addresses registry.
2026-02-26T20:52:24.545+0300 [DEBUG] [org.gradle.cache.internal.DefaultFileLockManager] Lock acquired on daemon addresses registry.
2026-02-26T20:52:24.545+0300 [DEBUG] [org.gradle.cache.internal.DefaultFileLockManager] Releasing lock on daemon addresses registry.
2026-02-26T20:52:24.614+0300 [DEBUG] [org.gradle.cache.internal.DefaultFileLockManager] Waiting to acquire shared lock on daemon addresses registry.
2026-02-26T20:52:24.615+0300 [DEBUG] [org.gradle.cache.internal.DefaultFileLockManager] Lock acquired on daemon addresses registry.
2026-02-26T20:52:24.615+0300 [DEBUG] [org.gradle.cache.internal.DefaultFileLockManager] Releasing lock on daemon addresses registry.
2026-02-26T20:52:24.635+0300 [DEBUG] [org.gradle.launcher.daemon.server.Daemon] Finished periodic daemon health check.
2026-02-26T20:52:28.518+0300 [DEBUG] [org.gradle.process.internal.health.memory.DefaultMemoryManager] 1650799820 physical memory requested, 306880512 free
2026-02-26T20:52:28.518+0300 [DEBUG] [org.gradle.workers.internal.WorkerDaemonExpiration] Will attempt to release 1574 of memory
2026-02-26T20:52:28.518+0300 [DEBUG] [org.gradle.process.internal.health.memory.DefaultMemoryManager] 1650799820 physical memory requested, 0 released, 306880512 free
2026-02-26T20:52:33.539+0300 [DEBUG] [org.gradle.process.internal.health.memory.DefaultMemoryManager] 1650799820 physical memory requested, 249335808 free
2026-02-26T20:52:33.540+0300 [DEBUG] [org.gradle.workers.internal.WorkerDaemonExpiration] Will attempt to release 1574 of memory
2026-02-26T20:52:33.540+0300 [DEBUG] [org.gradle.process.internal.health.memory.DefaultMemoryManager] 1650799820 physical memory requested, 0 released, 249335808 free
2026-02-26T20:52:34.544+0300 [DEBUG] [org.gradle.launcher.daemon.server.Daemon] Starting periodic daemon health check.
2026-02-26T20:52:34.647+0300 [DEBUG] [org.gradle.cache.internal.DefaultFileLockManager] Waiting to acquire shared lock on daemon addresses registry.
2026-02-26T20:52:34.647+0300 [DEBUG] [org.gradle.cache.internal.DefaultFileLockManager] Lock acquired on daemon addresses registry.
2026-02-26T20:52:34.648+0300 [DEBUG] [org.gradle.cache.internal.DefaultFileLockManager] Releasing lock on daemon addresses registry.
2026-02-26T20:52:34.967+0300 [DEBUG] [org.gradle.cache.internal.DefaultFileLockManager] Waiting to acquire shared lock on daemon addresses registry.
2026-02-26T20:52:34.967+0300 [DEBUG] [org.gradle.cache.internal.DefaultFileLockManager] Lock acquired on daemon addresses registry.
2026-02-26T20:52:34.967+0300 [DEBUG] [org.gradle.cache.internal.DefaultFileLockManager] Releasing lock on daemon addresses registry.
2026-02-26T20:52:35.095+0300 [DEBUG] [org.gradle.launcher.daemon.server.Daemon] Finished periodic daemon health check.
2026-02-26T20:52:38.527+0300 [DEBUG] [org.gradle.process.internal.health.memory.DefaultMemoryManager] 1650799820 physical memory requested, 291274752 free
2026-02-26T20:52:38.528+0300 [DEBUG] [org.gradle.workers.internal.WorkerDaemonExpiration] Will attempt to release 1574 of memory
2026-02-26T20:52:38.528+0300 [DEBUG] [org.gradle.process.internal.health.memory.DefaultMemoryManager] 1650799820 physical memory requested, 0 released, 291274752 free
2026-02-26T20:52:43.514+0300 [DEBUG] [org.gradle.process.internal.health.memory.DefaultMemoryManager] 1650799820 physical memory requested, 284110848 free
2026-02-26T20:52:43.514+0300 [DEBUG] [org.gradle.workers.internal.WorkerDaemonExpiration] Will attempt to release 1574 of memory
2026-02-26T20:52:43.514+0300 [DEBUG] [org.gradle.process.internal.health.memory.DefaultMemoryManager] 1650799820 physical memory requested, 0 released, 284110848 free
2026-02-26T20:52:44.519+0300 [DEBUG] [org.gradle.launcher.daemon.server.Daemon] Starting periodic daemon health check.
2026-02-26T20:52:44.526+0300 [DEBUG] [org.gradle.cache.internal.DefaultFileLockManager] Waiting to acquire shared lock on daemon addresses registry.
2026-02-26T20:52:44.526+0300 [DEBUG] [org.gradle.cache.internal.DefaultFileLockManager] Lock acquired on daemon addresses registry.
2026-02-26T20:52:44.527+0300 [DEBUG] [org.gradle.cache.internal.DefaultFileLockManager] Releasing lock on daemon addresses registry.
2026-02-26T20:52:44.538+0300 [DEBUG] [org.gradle.cache.internal.DefaultFileLockManager] Waiting to acquire shared lock on daemon addresses registry.
2026-02-26T20:52:44.538+0300 [DEBUG] [org.gradle.cache.internal.DefaultFileLockManager] Lock acquired on daemon addresses registry.
2026-02-26T20:52:44.539+0300 [DEBUG] [org.gradle.cache.internal.DefaultFileLockManager] Releasing lock on daemon addresses registry.
2026-02-26T20:52:44.549+0300 [DEBUG] [org.gradle.launcher.daemon.server.Daemon] Finished periodic daemon health check.
2026-02-26T20:52:48.515+0300 [DEBUG] [org.gradle.process.internal.health.memory.DefaultMemoryManager] 1650799820 physical memory requested, 393543680 free
2026-02-26T20:52:48.515+0300 [DEBUG] [org.gradle.workers.internal.WorkerDaemonExpiration] Will attempt to release 1574 of memory
2026-02-26T20:52:48.515+0300 [DEBUG] [org.gradle.process.internal.health.memory.DefaultMemoryManager] 1650799820 physical memory requested, 0 released, 393543680 free
2026-02-26T20:52:53.516+0300 [DEBUG] [org.gradle.process.internal.health.memory.DefaultMemoryManager] 1650799820 physical memory requested, 405839872 free
2026-02-26T20:52:53.516+0300 [DEBUG] [org.gradle.workers.internal.WorkerDaemonExpiration] Will attempt to release 1574 of memory
2026-02-26T20:52:53.516+0300 [DEBUG] [org.gradle.process.internal.health.memory.DefaultMemoryManager] 1650799820 physical memory requested, 0 released, 405839872 free
2026-02-26T20:52:54.515+0300 [DEBUG] [org.gradle.launcher.daemon.server.Daemon] Starting periodic daemon health check.
2026-02-26T20:52:54.529+0300 [DEBUG] [org.gradle.cache.internal.DefaultFileLockManager] Waiting to acquire shared lock on daemon addresses registry.
2026-02-26T20:52:54.529+0300 [DEBUG] [org.gradle.cache.internal.DefaultFileLockManager] Lock acquired on daemon addresses registry.
2026-02-26T20:52:54.529+0300 [DEBUG] [org.gradle.cache.internal.DefaultFileLockManager] Releasing lock on daemon addresses registry.
2026-02-26T20:52:54.545+0300 [DEBUG] [org.gradle.cache.internal.DefaultFileLockManager] Waiting to acquire shared lock on daemon addresses registry.
2026-02-26T20:52:54.545+0300 [DEBUG] [org.gradle.cache.internal.DefaultFileLockManager] Lock acquired on daemon addresses registry.
2026-02-26T20:52:54.546+0300 [DEBUG] [org.gradle.cache.internal.DefaultFileLockManager] Releasing lock on daemon addresses registry.
2026-02-26T20:52:54.549+0300 [DEBUG] [org.gradle.launcher.daemon.server.Daemon] Finished periodic daemon health check.
2026-02-26T20:52:58.521+0300 [DEBUG] [org.gradle.process.internal.health.memory.DefaultMemoryManager] 1650799820 physical memory requested, 376029184 free
2026-02-26T20:52:58.522+0300 [DEBUG] [org.gradle.workers.internal.WorkerDaemonExpiration] Will attempt to release 1574 of memory
2026-02-26T20:52:58.522+0300 [DEBUG] [org.gradle.process.internal.health.memory.DefaultMemoryManager] 1650799820 physical memory requested, 0 released, 376029184 free
2026-02-26T20:53:03.508+0300 [DEBUG] [org.gradle.process.internal.health.memory.DefaultMemoryManager] 1650799820 physical memory requested, 395653120 free
2026-02-26T20:53:03.508+0300 [DEBUG] [org.gradle.workers.internal.WorkerDaemonExpiration] Will attempt to release 1574 of memory
2026-02-26T20:53:03.508+0300 [DEBUG] [org.gradle.process.internal.health.memory.DefaultMemoryManager] 1650799820 physical memory requested, 0 released, 395653120 free
2026-02-26T20:53:04.524+0300 [DEBUG] [org.gradle.launcher.daemon.server.Daemon] Starting periodic daemon health check.
2026-02-26T20:53:04.531+0300 [DEBUG] [org.gradle.cache.internal.DefaultFileLockManager] Waiting to acquire shared lock on daemon addresses registry.
2026-02-26T20:53:04.532+0300 [DEBUG] [org.gradle.cache.internal.DefaultFileLockManager] Lock acquired on daemon addresses registry.
2026-02-26T20:53:04.532+0300 [DEBUG] [org.gradle.cache.internal.DefaultFileLockManager] Releasing lock on daemon addresses registry.
2026-02-26T20:53:04.548+0300 [DEBUG] [org.gradle.cache.internal.DefaultFileLockManager] Waiting to acquire shared lock on daemon addresses registry.
2026-02-26T20:53:04.548+0300 [DEBUG] [org.gradle.cache.internal.DefaultFileLockManager] Lock acquired on daemon addresses registry.
2026-02-26T20:53:04.549+0300 [DEBUG] [org.gradle.cache.internal.DefaultFileLockManager] Releasing lock on daemon addresses registry.
2026-02-26T20:53:04.559+0300 [DEBUG] [org.gradle.launcher.daemon.server.Daemon] Finished periodic daemon health check.
2026-02-26T20:53:08.521+0300 [DEBUG] [org.gradle.process.internal.health.memory.DefaultMemoryManager] 1650799820 physical memory requested, 474210304 free
2026-02-26T20:53:08.521+0300 [DEBUG] [org.gradle.workers.internal.WorkerDaemonExpiration] Will attempt to release 1574 of memory
2026-02-26T20:53:08.521+0300 [DEBUG] [org.gradle.process.internal.health.memory.DefaultMemoryManager] 1650799820 physical memory requested, 0 released, 474210304 free
2026-02-26T20:53:13.516+0300 [DEBUG] [org.gradle.process.internal.health.memory.DefaultMemoryManager] 1650799820 physical memory requested, 485392384 free
2026-02-26T20:53:13.516+0300 [DEBUG] [org.gradle.workers.internal.WorkerDaemonExpiration] Will attempt to release 1574 of memory
2026-02-26T20:53:13.516+0300 [DEBUG] [org.gradle.process.internal.health.memory.DefaultMemoryManager] 1650799820 physical memory requested, 0 released, 485392384 free
2026-02-26T20:53:14.517+0300 [DEBUG] [org.gradle.launcher.daemon.server.Daemon] Starting periodic daemon health check.
2026-02-26T20:53:14.523+0300 [DEBUG] [org.gradle.cache.internal.DefaultFileLockManager] Waiting to acquire shared lock on daemon addresses registry.
2026-02-26T20:53:14.523+0300 [DEBUG] [org.gradle.cache.internal.DefaultFileLockManager] Lock acquired on daemon addresses registry.
2026-02-26T20:53:14.523+0300 [DEBUG] [org.gradle.cache.internal.DefaultFileLockManager] Releasing lock on daemon addresses registry.
2026-02-26T20:53:14.535+0300 [DEBUG] [org.gradle.cache.internal.DefaultFileLockManager] Waiting to acquire shared lock on daemon addresses registry.
2026-02-26T20:53:14.535+0300 [DEBUG] [org.gradle.cache.internal.DefaultFileLockManager] Lock acquired on daemon addresses registry.
2026-02-26T20:53:14.536+0300 [DEBUG] [org.gradle.cache.internal.DefaultFileLockManager] Releasing lock on daemon addresses registry.
2026-02-26T20:53:14.540+0300 [DEBUG] [org.gradle.launcher.daemon.server.Daemon] Finished periodic daemon health check.
2026-02-26T20:53:18.517+0300 [DEBUG] [org.gradle.process.internal.health.memory.DefaultMemoryManager] 1650799820 physical memory requested, 410857472 free
2026-02-26T20:53:18.517+0300 [DEBUG] [org.gradle.workers.internal.WorkerDaemonExpiration] Will attempt to release 1574 of memory
2026-02-26T20:53:18.517+0300 [DEBUG] [org.gradle.process.internal.health.memory.DefaultMemoryManager] 1650799820 physical memory requested, 0 released, 410857472 free
2026-02-26T20:53:23.514+0300 [DEBUG] [org.gradle.process.internal.health.memory.DefaultMemoryManager] 1650799820 physical memory requested, 393023488 free
2026-02-26T20:53:23.514+0300 [DEBUG] [org.gradle.workers.internal.WorkerDaemonExpiration] Will attempt to release 1574 of memory
2026-02-26T20:53:23.514+0300 [DEBUG] [org.gradle.process.internal.health.memory.DefaultMemoryManager] 1650799820 physical memory requested, 0 released, 393023488 free
2026-02-26T20:53:24.525+0300 [DEBUG] [org.gradle.launcher.daemon.server.Daemon] Starting periodic daemon health check.
2026-02-26T20:53:24.530+0300 [DEBUG] [org.gradle.cache.internal.DefaultFileLockManager] Waiting to acquire shared lock on daemon addresses registry.
2026-02-26T20:53:24.530+0300 [DEBUG] [org.gradle.cache.internal.DefaultFileLockManager] Lock acquired on daemon addresses registry.
2026-02-26T20:53:24.530+0300 [DEBUG] [org.gradle.cache.internal.DefaultFileLockManager] Releasing lock on daemon addresses registry.
2026-02-26T20:53:24.548+0300 [DEBUG] [org.gradle.cache.internal.DefaultFileLockManager] Waiting to acquire shared lock on daemon addresses registry.
2026-02-26T20:53:24.548+0300 [DEBUG] [org.gradle.cache.internal.DefaultFileLockManager] Lock acquired on daemon addresses registry.
2026-02-26T20:53:24.549+0300 [DEBUG] [org.gradle.cache.internal.DefaultFileLockManager] Releasing lock on daemon addresses registry.
2026-02-26T20:53:24.553+0300 [DEBUG] [org.gradle.launcher.daemon.server.Daemon] Finished periodic daemon health check.
2026-02-26T20:53:28.508+0300 [DEBUG] [org.gradle.process.internal.health.memory.DefaultMemoryManager] 1650799820 physical memory requested, 468213760 free
2026-02-26T20:53:28.509+0300 [DEBUG] [org.gradle.workers.internal.WorkerDaemonExpiration] Will attempt to release 1574 of memory
2026-02-26T20:53:28.509+0300 [DEBUG] [org.gradle.process.internal.health.memory.DefaultMemoryManager] 1650799820 physical memory requested, 0 released, 468213760 free
2026-02-26T20:53:33.519+0300 [DEBUG] [org.gradle.process.internal.health.memory.DefaultMemoryManager] 1650799820 physical memory requested, 467136512 free
2026-02-26T20:53:33.519+0300 [DEBUG] [org.gradle.workers.internal.WorkerDaemonExpiration] Will attempt to release 1574 of memory
2026-02-26T20:53:33.519+0300 [DEBUG] [org.gradle.process.internal.health.memory.DefaultMemoryManager] 1650799820 physical memory requested, 0 released, 467136512 free
2026-02-26T20:53:34.529+0300 [DEBUG] [org.gradle.launcher.daemon.server.Daemon] Starting periodic daemon health check.
2026-02-26T20:53:34.542+0300 [DEBUG] [org.gradle.cache.internal.DefaultFileLockManager] Waiting to acquire shared lock on daemon addresses registry.
2026-02-26T20:53:34.542+0300 [DEBUG] [org.gradle.cache.internal.DefaultFileLockManager] Lock acquired on daemon addresses registry.
2026-02-26T20:53:34.542+0300 [DEBUG] [org.gradle.cache.internal.DefaultFileLockManager] Releasing lock on daemon addresses registry.
2026-02-26T20:53:34.601+0300 [DEBUG] [org.gradle.cache.internal.DefaultFileLockManager] Waiting to acquire shared lock on daemon addresses registry.
2026-02-26T20:53:34.602+0300 [DEBUG] [org.gradle.cache.internal.DefaultFileLockManager] Lock acquired on daemon addresses registry.
2026-02-26T20:53:34.602+0300 [DEBUG] [org.gradle.cache.internal.DefaultFileLockManager] Releasing lock on daemon addresses registry.
2026-02-26T20:53:34.623+0300 [DEBUG] [org.gradle.launcher.daemon.server.Daemon] Finished periodic daemon health check.
2026-02-26T20:53:35.584+0300 [DEBUG] [sun.rmi.transport.tcp] RMI TCP Connection(6)-127.0.0.1: accepted socket from [127.0.0.1:50432]
2026-02-26T20:53:35.587+0300 [DEBUG] [sun.rmi.transport.tcp] RMI TCP Connection(6)-127.0.0.1: (port 65002) op = 80
2026-02-26T20:53:35.588+0300 [DEBUG] [sun.rmi.loader] RMI TCP Connection(6)-127.0.0.1: name = "[Ljava.rmi.server.ObjID;", codebase = "", defaultLoader = jdk.internal.loader.ClassLoaders$PlatformClassLoader@b58650c
2026-02-26T20:53:35.588+0300 [DEBUG] [sun.rmi.loader] RMI TCP Connection(6)-127.0.0.1: name = "java.rmi.dgc.Lease", codebase = "", defaultLoader = jdk.internal.loader.ClassLoaders$PlatformClassLoader@b58650c
2026-02-26T20:53:35.588+0300 [DEBUG] [sun.rmi.loader] RMI TCP Connection(6)-127.0.0.1: name = "java.rmi.dgc.VMID", codebase = "", defaultLoader = jdk.internal.loader.ClassLoaders$PlatformClassLoader@b58650c
2026-02-26T20:53:35.588+0300 [DEBUG] [sun.rmi.loader] RMI TCP Connection(6)-127.0.0.1: name = "[B", codebase = "", defaultLoader = jdk.internal.loader.ClassLoaders$PlatformClassLoader@b58650c
2026-02-26T20:53:35.588+0300 [DEBUG] [sun.rmi.loader] RMI TCP Connection(6)-127.0.0.1: name = "java.rmi.server.UID", codebase = "", defaultLoader = jdk.internal.loader.ClassLoaders$PlatformClassLoader@b58650c
2026-02-26T20:53:38.510+0300 [DEBUG] [org.gradle.process.internal.health.memory.DefaultMemoryManager] 1650799820 physical memory requested, 430452736 free
2026-02-26T20:53:38.510+0300 [DEBUG] [org.gradle.workers.internal.WorkerDaemonExpiration] Will attempt to release 1574 of memory
2026-02-26T20:53:38.510+0300 [DEBUG] [org.gradle.process.internal.health.memory.DefaultMemoryManager] 1650799820 physical memory requested, 0 released, 430452736 free
2026-02-26T20:53:43.514+0300 [DEBUG] [org.gradle.process.internal.health.memory.DefaultMemoryManager] 1650799820 physical memory requested, 764112896 free
2026-02-26T20:53:43.514+0300 [DEBUG] [org.gradle.workers.internal.WorkerDaemonExpiration] Will attempt to release 1574 of memory
2026-02-26T20:53:43.514+0300 [DEBUG] [org.gradle.process.internal.health.memory.DefaultMemoryManager] 1650799820 physical memory requested, 0 released, 764112896 free
2026-02-26T20:53:44.515+0300 [DEBUG] [org.gradle.launcher.daemon.server.Daemon] Starting periodic daemon health check.
2026-02-26T20:53:44.522+0300 [DEBUG] [org.gradle.cache.internal.DefaultFileLockManager] Waiting to acquire shared lock on daemon addresses registry.
2026-02-26T20:53:44.522+0300 [DEBUG] [org.gradle.cache.internal.DefaultFileLockManager] Lock acquired on daemon addresses registry.
2026-02-26T20:53:44.522+0300 [DEBUG] [org.gradle.cache.internal.DefaultFileLockManager] Releasing lock on daemon addresses registry.
2026-02-26T20:53:44.530+0300 [DEBUG] [org.gradle.cache.internal.DefaultFileLockManager] Waiting to acquire shared lock on daemon addresses registry.
2026-02-26T20:53:44.530+0300 [DEBUG] [org.gradle.cache.internal.DefaultFileLockManager] Lock acquired on daemon addresses registry.
2026-02-26T20:53:44.530+0300 [DEBUG] [org.gradle.cache.internal.DefaultFileLockManager] Releasing lock on daemon addresses registry.
2026-02-26T20:53:44.533+0300 [DEBUG] [org.gradle.launcher.daemon.server.Daemon] Finished periodic daemon health check.
2026-02-26T20:53:48.510+0300 [DEBUG] [org.gradle.process.internal.health.memory.DefaultMemoryManager] 1650799820 physical memory requested, 746823680 free
2026-02-26T20:53:48.510+0300 [DEBUG] [org.gradle.workers.internal.WorkerDaemonExpiration] Will attempt to release 1574 of memory
2026-02-26T20:53:48.510+0300 [DEBUG] [org.gradle.process.internal.health.memory.DefaultMemoryManager] 1650799820 physical memory requested, 0 released, 746823680 free
2026-02-26T20:53:50.629+0300 [DEBUG] [sun.rmi.transport.tcp] RMI TCP Connection(6)-127.0.0.1: (port 65002) connection closed
2026-02-26T20:53:50.629+0300 [DEBUG] [sun.rmi.transport.tcp] RMI TCP Connection(6)-127.0.0.1: close connection, socket: Socket[addr=/127.0.0.1,port=50432,localport=65002]
2026-02-26T20:53:50.630+0300 [DEBUG] [sun.rmi.transport.tcp] RMI TCP Connection(6)-127.0.0.1: socket close: Socket[addr=/127.0.0.1,port=50432,localport=65002]
2026-02-26T20:53:53.515+0300 [DEBUG] [org.gradle.process.internal.health.memory.DefaultMemoryManager] 1650799820 physical memory requested, 681058304 free
2026-02-26T20:53:53.516+0300 [DEBUG] [org.gradle.workers.internal.WorkerDaemonExpiration] Will attempt to release 1574 of memory
2026-02-26T20:53:53.516+0300 [DEBUG] [org.gradle.process.internal.health.memory.DefaultMemoryManager] 1650799820 physical memory requested, 0 released, 681058304 free
2026-02-26T20:53:54.520+0300 [DEBUG] [org.gradle.launcher.daemon.server.Daemon] Starting periodic daemon health check.
2026-02-26T20:53:54.526+0300 [DEBUG] [org.gradle.cache.internal.DefaultFileLockManager] Waiting to acquire shared lock on daemon addresses registry.
2026-02-26T20:53:54.526+0300 [DEBUG] [org.gradle.cache.internal.DefaultFileLockManager] Lock acquired on daemon addresses registry.
2026-02-26T20:53:54.526+0300 [DEBUG] [org.gradle.cache.internal.DefaultFileLockManager] Releasing lock on daemon addresses registry.
2026-02-26T20:53:54.538+0300 [DEBUG] [org.gradle.cache.internal.DefaultFileLockManager] Waiting to acquire shared lock on daemon addresses registry.
2026-02-26T20:53:54.538+0300 [DEBUG] [org.gradle.cache.internal.DefaultFileLockManager] Lock acquired on daemon addresses registry.
2026-02-26T20:53:54.538+0300 [DEBUG] [org.gradle.cache.internal.DefaultFileLockManager] Releasing lock on daemon addresses registry.
2026-02-26T20:53:54.604+0300 [DEBUG] [org.gradle.launcher.daemon.server.Daemon] Finished periodic daemon health check.
2026-02-26T20:53:58.512+0300 [DEBUG] [org.gradle.process.internal.health.memory.DefaultMemoryManager] 1650799820 physical memory requested, 678297600 free
2026-02-26T20:53:58.512+0300 [DEBUG] [org.gradle.workers.internal.WorkerDaemonExpiration] Will attempt to release 1574 of memory
2026-02-26T20:53:58.512+0300 [DEBUG] [org.gradle.process.internal.health.memory.DefaultMemoryManager] 1650799820 physical memory requested, 0 released, 678297600 free
2026-02-26T20:54:03.514+0300 [DEBUG] [org.gradle.process.internal.health.memory.DefaultMemoryManager] 1650799820 physical memory requested, 678539264 free
2026-02-26T20:54:03.515+0300 [DEBUG] [org.gradle.workers.internal.WorkerDaemonExpiration] Will attempt to release 1574 of memory
2026-02-26T20:54:03.515+0300 [DEBUG] [org.gradle.process.internal.health.memory.DefaultMemoryManager] 1650799820 physical memory requested, 0 released, 678539264 free
2026-02-26T20:54:04.520+0300 [DEBUG] [org.gradle.launcher.daemon.server.Daemon] Starting periodic daemon health check.
2026-02-26T20:54:04.544+0300 [DEBUG] [org.gradle.cache.internal.DefaultFileLockManager] Waiting to acquire shared lock on daemon addresses registry.
2026-02-26T20:54:04.545+0300 [DEBUG] [org.gradle.cache.internal.DefaultFileLockManager] Lock acquired on daemon addresses registry.
2026-02-26T20:54:04.545+0300 [DEBUG] [org.gradle.cache.internal.DefaultFileLockManager] Releasing lock on daemon addresses registry.
2026-02-26T20:54:04.568+0300 [DEBUG] [org.gradle.cache.internal.DefaultFileLockManager] Waiting to acquire shared lock on daemon addresses registry.
2026-02-26T20:54:04.569+0300 [DEBUG] [org.gradle.cache.internal.DefaultFileLockManager] Lock acquired on daemon addresses registry.
2026-02-26T20:54:04.569+0300 [DEBUG] [org.gradle.cache.internal.DefaultFileLockManager] Releasing lock on daemon addresses registry.
2026-02-26T20:54:04.577+0300 [DEBUG] [org.gradle.launcher.daemon.server.Daemon] Finished periodic daemon health check.
2026-02-26T20:54:08.515+0300 [DEBUG] [org.gradle.process.internal.health.memory.DefaultMemoryManager] 1650799820 physical memory requested, 660709376 free
2026-02-26T20:54:08.515+0300 [DEBUG] [org.gradle.workers.internal.WorkerDaemonExpiration] Will attempt to release 1574 of memory
2026-02-26T20:54:08.515+0300 [DEBUG] [org.gradle.process.internal.health.memory.DefaultMemoryManager] 1650799820 physical memory requested, 0 released, 660709376 free
2026-02-26T20:54:13.512+0300 [DEBUG] [org.gradle.process.internal.health.memory.DefaultMemoryManager] 1650799820 physical memory requested, 697421824 free
2026-02-26T20:54:13.512+0300 [DEBUG] [org.gradle.workers.internal.WorkerDaemonExpiration] Will attempt to release 1574 of memory
2026-02-26T20:54:13.512+0300 [DEBUG] [org.gradle.process.internal.health.memory.DefaultMemoryManager] 1650799820 physical memory requested, 0 released, 697421824 free
2026-02-26T20:54:14.516+0300 [DEBUG] [org.gradle.launcher.daemon.server.Daemon] Starting periodic daemon health check.
2026-02-26T20:54:14.521+0300 [DEBUG] [org.gradle.cache.internal.DefaultFileLockManager] Waiting to acquire shared lock on daemon addresses registry.
2026-02-26T20:54:14.522+0300 [DEBUG] [org.gradle.cache.internal.DefaultFileLockManager] Lock acquired on daemon addresses registry.
2026-02-26T20:54:14.522+0300 [DEBUG] [org.gradle.cache.internal.DefaultFileLockManager] Releasing lock on daemon addresses registry.
2026-02-26T20:54:14.533+0300 [DEBUG] [org.gradle.cache.internal.DefaultFileLockManager] Waiting to acquire shared lock on daemon addresses registry.
2026-02-26T20:54:14.533+0300 [DEBUG] [org.gradle.cache.internal.DefaultFileLockManager] Lock acquired on daemon addresses registry.
2026-02-26T20:54:14.533+0300 [DEBUG] [org.gradle.cache.internal.DefaultFileLockManager] Releasing lock on daemon addresses registry.
2026-02-26T20:54:14.536+0300 [DEBUG] [org.gradle.launcher.daemon.server.Daemon] Finished periodic daemon health check.
2026-02-26T20:54:18.516+0300 [DEBUG] [org.gradle.process.internal.health.memory.DefaultMemoryManager] 1650799820 physical memory requested, 598401024 free
2026-02-26T20:54:18.517+0300 [DEBUG] [org.gradle.workers.internal.WorkerDaemonExpiration] Will attempt to release 1574 of memory
2026-02-26T20:54:18.517+0300 [DEBUG] [org.gradle.process.internal.health.memory.DefaultMemoryManager] 1650799820 physical memory requested, 0 released, 598401024 free
2026-02-26T20:54:23.515+0300 [DEBUG] [org.gradle.process.internal.health.memory.DefaultMemoryManager] 1650799820 physical memory requested, 556081152 free
2026-02-26T20:54:23.515+0300 [DEBUG] [org.gradle.workers.internal.WorkerDaemonExpiration] Will attempt to release 1574 of memory
2026-02-26T20:54:23.515+0300 [DEBUG] [org.gradle.process.internal.health.memory.DefaultMemoryManager] 1650799820 physical memory requested, 0 released, 556081152 free
2026-02-26T20:54:24.522+0300 [DEBUG] [org.gradle.launcher.daemon.server.Daemon] Starting periodic daemon health check.
2026-02-26T20:54:24.537+0300 [DEBUG] [org.gradle.cache.internal.DefaultFileLockManager] Waiting to acquire shared lock on daemon addresses registry.
2026-02-26T20:54:24.537+0300 [DEBUG] [org.gradle.cache.internal.DefaultFileLockManager] Lock acquired on daemon addresses registry.
2026-02-26T20:54:24.537+0300 [DEBUG] [org.gradle.cache.internal.DefaultFileLockManager] Releasing lock on daemon addresses registry.
2026-02-26T20:54:24.551+0300 [DEBUG] [org.gradle.cache.internal.DefaultFileLockManager] Waiting to acquire shared lock on daemon addresses registry.
2026-02-26T20:54:24.551+0300 [DEBUG] [org.gradle.cache.internal.DefaultFileLockManager] Lock acquired on daemon addresses registry.
2026-02-26T20:54:24.552+0300 [DEBUG] [org.gradle.cache.internal.DefaultFileLockManager] Releasing lock on daemon addresses registry.
2026-02-26T20:54:24.558+0300 [DEBUG] [org.gradle.launcher.daemon.server.Daemon] Finished periodic daemon health check.
2026-02-26T20:54:28.554+0300 [DEBUG] [org.gradle.process.internal.health.memory.DefaultMemoryManager] 1650799820 physical memory requested, 534380544 free
2026-02-26T20:54:28.554+0300 [DEBUG] [org.gradle.workers.internal.WorkerDaemonExpiration] Will attempt to release 1574 of memory
2026-02-26T20:54:28.554+0300 [DEBUG] [org.gradle.process.internal.health.memory.DefaultMemoryManager] 1650799820 physical memory requested, 0 released, 534380544 free
2026-02-26T20:54:33.515+0300 [DEBUG] [org.gradle.process.internal.health.memory.DefaultMemoryManager] 1650799820 physical memory requested, 522944512 free
2026-02-26T20:54:33.515+0300 [DEBUG] [org.gradle.workers.internal.WorkerDaemonExpiration] Will attempt to release 1574 of memory
2026-02-26T20:54:33.515+0300 [DEBUG] [org.gradle.process.internal.health.memory.DefaultMemoryManager] 1650799820 physical memory requested, 0 released, 522944512 free
2026-02-26T20:54:34.511+0300 [DEBUG] [org.gradle.launcher.daemon.server.Daemon] Starting periodic daemon health check.
2026-02-26T20:54:34.518+0300 [DEBUG] [org.gradle.cache.internal.DefaultFileLockManager] Waiting to acquire shared lock on daemon addresses registry.
2026-02-26T20:54:34.518+0300 [DEBUG] [org.gradle.cache.internal.DefaultFileLockManager] Lock acquired on daemon addresses registry.
2026-02-26T20:54:34.518+0300 [DEBUG] [org.gradle.cache.internal.DefaultFileLockManager] Releasing lock on daemon addresses registry.
2026-02-26T20:54:34.529+0300 [DEBUG] [org.gradle.cache.internal.DefaultFileLockManager] Waiting to acquire shared lock on daemon addresses registry.
2026-02-26T20:54:34.530+0300 [DEBUG] [org.gradle.cache.internal.DefaultFileLockManager] Lock acquired on daemon addresses registry.
2026-02-26T20:54:34.530+0300 [DEBUG] [org.gradle.cache.internal.DefaultFileLockManager] Releasing lock on daemon addresses registry.
2026-02-26T20:54:34.534+0300 [DEBUG] [org.gradle.launcher.daemon.server.Daemon] Finished periodic daemon health check.
2026-02-26T20:54:38.505+0300 [DEBUG] [org.gradle.process.internal.health.memory.DefaultMemoryManager] 1650799820 physical memory requested, 462782464 free
2026-02-26T20:54:38.505+0300 [DEBUG] [org.gradle.workers.internal.WorkerDaemonExpiration] Will attempt to release 1574 of memory
2026-02-26T20:54:38.505+0300 [DEBUG] [org.gradle.process.internal.health.memory.DefaultMemoryManager] 1650799820 physical memory requested, 0 released, 462782464 free
2026-02-26T20:54:43.506+0300 [DEBUG] [org.gradle.process.internal.health.memory.DefaultMemoryManager] 1650799820 physical memory requested, 919019520 free
2026-02-26T20:54:43.506+0300 [DEBUG] [org.gradle.workers.internal.WorkerDaemonExpiration] Will attempt to release 1574 of memory
2026-02-26T20:54:43.506+0300 [DEBUG] [org.gradle.process.internal.health.memory.DefaultMemoryManager] 1650799820 physical memory requested, 0 released, 919019520 free
2026-02-26T20:54:44.511+0300 [DEBUG] [org.gradle.launcher.daemon.server.Daemon] Starting periodic daemon health check.
2026-02-26T20:54:44.517+0300 [DEBUG] [org.gradle.cache.internal.DefaultFileLockManager] Waiting to acquire shared lock on daemon addresses registry.
2026-02-26T20:54:44.517+0300 [DEBUG] [org.gradle.cache.internal.DefaultFileLockManager] Lock acquired on daemon addresses registry.
2026-02-26T20:54:44.517+0300 [DEBUG] [org.gradle.cache.internal.DefaultFileLockManager] Releasing lock on daemon addresses registry.
2026-02-26T20:54:44.525+0300 [DEBUG] [org.gradle.cache.internal.DefaultFileLockManager] Waiting to acquire shared lock on daemon addresses registry.
2026-02-26T20:54:44.525+0300 [DEBUG] [org.gradle.cache.internal.DefaultFileLockManager] Lock acquired on daemon addresses registry.
2026-02-26T20:54:44.525+0300 [DEBUG] [org.gradle.cache.internal.DefaultFileLockManager] Releasing lock on daemon addresses registry.
2026-02-26T20:54:44.529+0300 [DEBUG] [org.gradle.launcher.daemon.server.Daemon] Finished periodic daemon health check.
2026-02-26T20:54:48.505+0300 [DEBUG] [org.gradle.process.internal.health.memory.DefaultMemoryManager] 1650799820 physical memory requested, 848838656 free
2026-02-26T20:54:48.505+0300 [DEBUG] [org.gradle.workers.internal.WorkerDaemonExpiration] Will attempt to release 1574 of memory
2026-02-26T20:54:48.505+0300 [DEBUG] [org.gradle.process.internal.health.memory.DefaultMemoryManager] 1650799820 physical memory requested, 0 released, 848838656 free
2026-02-26T20:54:53.506+0300 [DEBUG] [org.gradle.process.internal.health.memory.DefaultMemoryManager] 1650799820 physical memory requested, 930443264 free
2026-02-26T20:54:53.506+0300 [DEBUG] [org.gradle.workers.internal.WorkerDaemonExpiration] Will attempt to release 1574 of memory
2026-02-26T20:54:53.506+0300 [DEBUG] [org.gradle.process.internal.health.memory.DefaultMemoryManager] 1650799820 physical memory requested, 0 released, 930443264 free
2026-02-26T20:54:54.510+0300 [DEBUG] [org.gradle.launcher.daemon.server.Daemon] Starting periodic daemon health check.
2026-02-26T20:54:54.516+0300 [DEBUG] [org.gradle.cache.internal.DefaultFileLockManager] Waiting to acquire shared lock on daemon addresses registry.
2026-02-26T20:54:54.517+0300 [DEBUG] [org.gradle.cache.internal.DefaultFileLockManager] Lock acquired on daemon addresses registry.
2026-02-26T20:54:54.517+0300 [DEBUG] [org.gradle.cache.internal.DefaultFileLockManager] Releasing lock on daemon addresses registry.
2026-02-26T20:54:54.526+0300 [DEBUG] [org.gradle.cache.internal.DefaultFileLockManager] Waiting to acquire shared lock on daemon addresses registry.
2026-02-26T20:54:54.526+0300 [DEBUG] [org.gradle.cache.internal.DefaultFileLockManager] Lock acquired on daemon addresses registry.
2026-02-26T20:54:54.527+0300 [DEBUG] [org.gradle.cache.internal.DefaultFileLockManager] Releasing lock on daemon addresses registry.
2026-02-26T20:54:54.532+0300 [DEBUG] [org.gradle.launcher.daemon.server.Daemon] Finished periodic daemon health check.
2026-02-26T20:54:58.505+0300 [DEBUG] [org.gradle.process.internal.health.memory.DefaultMemoryManager] 1650799820 physical memory requested, 964067328 free
2026-02-26T20:54:58.505+0300 [DEBUG] [org.gradle.workers.internal.WorkerDaemonExpiration] Will attempt to release 1574 of memory
2026-02-26T20:54:58.505+0300 [DEBUG] [org.gradle.process.internal.health.memory.DefaultMemoryManager] 1650799820 physical memory requested, 0 released, 964067328 free
2026-02-26T20:55:03.507+0300 [DEBUG] [org.gradle.process.internal.health.memory.DefaultMemoryManager] 1650799820 physical memory requested, 942563328 free
2026-02-26T20:55:03.507+0300 [DEBUG] [org.gradle.workers.internal.WorkerDaemonExpiration] Will attempt to release 1574 of memory
2026-02-26T20:55:03.507+0300 [DEBUG] [org.gradle.process.internal.health.memory.DefaultMemoryManager] 1650799820 physical memory requested, 0 released, 942563328 free
2026-02-26T20:55:04.511+0300 [DEBUG] [org.gradle.launcher.daemon.server.Daemon] Starting periodic daemon health check.
2026-02-26T20:55:04.517+0300 [DEBUG] [org.gradle.cache.internal.DefaultFileLockManager] Waiting to acquire shared lock on daemon addresses registry.
2026-02-26T20:55:04.517+0300 [DEBUG] [org.gradle.cache.internal.DefaultFileLockManager] Lock acquired on daemon addresses registry.
2026-02-26T20:55:04.517+0300 [DEBUG] [org.gradle.cache.internal.DefaultFileLockManager] Releasing lock on daemon addresses registry.
2026-02-26T20:55:04.524+0300 [DEBUG] [org.gradle.cache.internal.DefaultFileLockManager] Waiting to acquire shared lock on daemon addresses registry.
2026-02-26T20:55:04.524+0300 [DEBUG] [org.gradle.cache.internal.DefaultFileLockManager] Lock acquired on daemon addresses registry.
2026-02-26T20:55:04.525+0300 [DEBUG] [org.gradle.cache.internal.DefaultFileLockManager] Releasing lock on daemon addresses registry.
2026-02-26T20:55:04.529+0300 [DEBUG] [org.gradle.launcher.daemon.server.Daemon] Finished periodic daemon health check.
2026-02-26T20:55:08.505+0300 [DEBUG] [org.gradle.process.internal.health.memory.DefaultMemoryManager] 1650799820 physical memory requested, 918310912 free
2026-02-26T20:55:08.506+0300 [DEBUG] [org.gradle.workers.internal.WorkerDaemonExpiration] Will attempt to release 1574 of memory
2026-02-26T20:55:08.506+0300 [DEBUG] [org.gradle.process.internal.health.memory.DefaultMemoryManager] 1650799820 physical memory requested, 0 released, 918310912 free
2026-02-26T20:55:13.510+0300 [DEBUG] [org.gradle.process.internal.health.memory.DefaultMemoryManager] 1650799820 physical memory requested, 911859712 free
2026-02-26T20:55:13.510+0300 [DEBUG] [org.gradle.workers.internal.WorkerDaemonExpiration] Will attempt to release 1574 of memory
2026-02-26T20:55:13.510+0300 [DEBUG] [org.gradle.process.internal.health.memory.DefaultMemoryManager] 1650799820 physical memory requested, 0 released, 911859712 free
2026-02-26T20:55:14.510+0300 [DEBUG] [org.gradle.launcher.daemon.server.Daemon] Starting periodic daemon health check.
2026-02-26T20:55:14.515+0300 [DEBUG] [org.gradle.cache.internal.DefaultFileLockManager] Waiting to acquire shared lock on daemon addresses registry.
2026-02-26T20:55:14.515+0300 [DEBUG] [org.gradle.cache.internal.DefaultFileLockManager] Lock acquired on daemon addresses registry.
2026-02-26T20:55:14.516+0300 [DEBUG] [org.gradle.cache.internal.DefaultFileLockManager] Releasing lock on daemon addresses registry.
2026-02-26T20:55:14.523+0300 [DEBUG] [org.gradle.cache.internal.DefaultFileLockManager] Waiting to acquire shared lock on daemon addresses registry.
2026-02-26T20:55:14.523+0300 [DEBUG] [org.gradle.cache.internal.DefaultFileLockManager] Lock acquired on daemon addresses registry.
2026-02-26T20:55:14.523+0300 [DEBUG] [org.gradle.cache.internal.DefaultFileLockManager] Releasing lock on daemon addresses registry.
2026-02-26T20:55:14.528+0300 [DEBUG] [org.gradle.launcher.daemon.server.Daemon] Finished periodic daemon health check.
2026-02-26T20:55:18.505+0300 [DEBUG] [org.gradle.process.internal.health.memory.DefaultMemoryManager] 1650799820 physical memory requested, 885837824 free
2026-02-26T20:55:18.505+0300 [DEBUG] [org.gradle.workers.internal.WorkerDaemonExpiration] Will attempt to release 1574 of memory
2026-02-26T20:55:18.505+0300 [DEBUG] [org.gradle.process.internal.health.memory.DefaultMemoryManager] 1650799820 physical memory requested, 0 released, 885837824 free
2026-02-26T20:55:23.504+0300 [DEBUG] [org.gradle.process.internal.health.memory.DefaultMemoryManager] 1650799820 physical memory requested, 862961664 free
2026-02-26T20:55:23.504+0300 [DEBUG] [org.gradle.workers.internal.WorkerDaemonExpiration] Will attempt to release 1574 of memory
2026-02-26T20:55:23.504+0300 [DEBUG] [org.gradle.process.internal.health.memory.DefaultMemoryManager] 1650799820 physical memory requested, 0 released, 862961664 free
2026-02-26T20:55:24.510+0300 [DEBUG] [org.gradle.launcher.daemon.server.Daemon] Starting periodic daemon health check.
2026-02-26T20:55:24.514+0300 [DEBUG] [org.gradle.cache.internal.DefaultFileLockManager] Waiting to acquire shared lock on daemon addresses registry.
2026-02-26T20:55:24.514+0300 [DEBUG] [org.gradle.cache.internal.DefaultFileLockManager] Lock acquired on daemon addresses registry.
2026-02-26T20:55:24.514+0300 [DEBUG] [org.gradle.cache.internal.DefaultFileLockManager] Releasing lock on daemon addresses registry.
2026-02-26T20:55:24.522+0300 [DEBUG] [org.gradle.cache.internal.DefaultFileLockManager] Waiting to acquire shared lock on daemon addresses registry.
2026-02-26T20:55:24.522+0300 [DEBUG] [org.gradle.cache.internal.DefaultFileLockManager] Lock acquired on daemon addresses registry.
2026-02-26T20:55:24.522+0300 [DEBUG] [org.gradle.cache.internal.DefaultFileLockManager] Releasing lock on daemon addresses registry.
2026-02-26T20:55:24.525+0300 [DEBUG] [org.gradle.launcher.daemon.server.Daemon] Finished periodic daemon health check.
2026-02-26T20:55:28.506+0300 [DEBUG] [org.gradle.process.internal.health.memory.DefaultMemoryManager] 1650799820 physical memory requested, 869122048 free
2026-02-26T20:55:28.506+0300 [DEBUG] [org.gradle.workers.internal.WorkerDaemonExpiration] Will attempt to release 1574 of memory
2026-02-26T20:55:28.506+0300 [DEBUG] [org.gradle.process.internal.health.memory.DefaultMemoryManager] 1650799820 physical memory requested, 0 released, 869122048 free
2026-02-26T20:55:33.506+0300 [DEBUG] [org.gradle.process.internal.health.memory.DefaultMemoryManager] 1650799820 physical memory requested, 809222144 free
2026-02-26T20:55:33.506+0300 [DEBUG] [org.gradle.workers.internal.WorkerDaemonExpiration] Will attempt to release 1574 of memory
2026-02-26T20:55:33.506+0300 [DEBUG] [org.gradle.process.internal.health.memory.DefaultMemoryManager] 1650799820 physical memory requested, 0 released, 809222144 free
2026-02-26T20:55:34.513+0300 [DEBUG] [org.gradle.launcher.daemon.server.Daemon] Starting periodic daemon health check.
2026-02-26T20:55:34.520+0300 [DEBUG] [org.gradle.cache.internal.DefaultFileLockManager] Waiting to acquire shared lock on daemon addresses registry.
2026-02-26T20:55:34.520+0300 [DEBUG] [org.gradle.cache.internal.DefaultFileLockManager] Lock acquired on daemon addresses registry.
2026-02-26T20:55:34.521+0300 [DEBUG] [org.gradle.cache.internal.DefaultFileLockManager] Releasing lock on daemon addresses registry.
2026-02-26T20:55:34.534+0300 [DEBUG] [org.gradle.cache.internal.DefaultFileLockManager] Waiting to acquire shared lock on daemon addresses registry.
2026-02-26T20:55:34.534+0300 [DEBUG] [org.gradle.cache.internal.DefaultFileLockManager] Lock acquired on daemon addresses registry.
2026-02-26T20:55:34.535+0300 [DEBUG] [org.gradle.cache.internal.DefaultFileLockManager] Releasing lock on daemon addresses registry.
2026-02-26T20:55:34.540+0300 [DEBUG] [org.gradle.launcher.daemon.server.Daemon] Finished periodic daemon health check.
2026-02-26T20:55:38.509+0300 [DEBUG] [org.gradle.process.internal.health.memory.DefaultMemoryManager] 1650799820 physical memory requested, 863481856 free
2026-02-26T20:55:38.509+0300 [DEBUG] [org.gradle.workers.internal.WorkerDaemonExpiration] Will attempt to release 1574 of memory
2026-02-26T20:55:38.509+0300 [DEBUG] [org.gradle.process.internal.health.memory.DefaultMemoryManager] 1650799820 physical memory requested, 0 released, 863481856 free
2026-02-26T20:55:43.506+0300 [DEBUG] [org.gradle.process.internal.health.memory.DefaultMemoryManager] 1650799820 physical memory requested, 634486784 free
2026-02-26T20:55:43.506+0300 [DEBUG] [org.gradle.workers.internal.WorkerDaemonExpiration] Will attempt to release 1574 of memory
2026-02-26T20:55:43.506+0300 [DEBUG] [org.gradle.process.internal.health.memory.DefaultMemoryManager] 1650799820 physical memory requested, 0 released, 634486784 free
2026-02-26T20:55:44.511+0300 [DEBUG] [org.gradle.launcher.daemon.server.Daemon] Starting periodic daemon health check.
2026-02-26T20:55:44.515+0300 [DEBUG] [org.gradle.cache.internal.DefaultFileLockManager] Waiting to acquire shared lock on daemon addresses registry.
2026-02-26T20:55:44.516+0300 [DEBUG] [org.gradle.cache.internal.DefaultFileLockManager] Lock acquired on daemon addresses registry.
2026-02-26T20:55:44.516+0300 [DEBUG] [org.gradle.cache.internal.DefaultFileLockManager] Releasing lock on daemon addresses registry.
2026-02-26T20:55:44.523+0300 [DEBUG] [org.gradle.cache.internal.DefaultFileLockManager] Waiting to acquire shared lock on daemon addresses registry.
2026-02-26T20:55:44.523+0300 [DEBUG] [org.gradle.cache.internal.DefaultFileLockManager] Lock acquired on daemon addresses registry.
2026-02-26T20:55:44.523+0300 [DEBUG] [org.gradle.cache.internal.DefaultFileLockManager] Releasing lock on daemon addresses registry.
2026-02-26T20:55:44.528+0300 [DEBUG] [org.gradle.launcher.daemon.server.Daemon] Finished periodic daemon health check.
2026-02-26T20:55:48.505+0300 [DEBUG] [org.gradle.process.internal.health.memory.DefaultMemoryManager] 1650799820 physical memory requested, 597118976 free
2026-02-26T20:55:48.505+0300 [DEBUG] [org.gradle.workers.internal.WorkerDaemonExpiration] Will attempt to release 1574 of memory
2026-02-26T20:55:48.505+0300 [DEBUG] [org.gradle.process.internal.health.memory.DefaultMemoryManager] 1650799820 physical memory requested, 0 released, 597118976 free
2026-02-26T20:55:53.505+0300 [DEBUG] [org.gradle.process.internal.health.memory.DefaultMemoryManager] 1650799820 physical memory requested, 616681472 free
2026-02-26T20:55:53.505+0300 [DEBUG] [org.gradle.workers.internal.WorkerDaemonExpiration] Will attempt to release 1574 of memory
2026-02-26T20:55:53.505+0300 [DEBUG] [org.gradle.process.internal.health.memory.DefaultMemoryManager] 1650799820 physical memory requested, 0 released, 616681472 free
2026-02-26T20:55:54.512+0300 [DEBUG] [org.gradle.launcher.daemon.server.Daemon] Starting periodic daemon health check.
2026-02-26T20:55:54.516+0300 [DEBUG] [org.gradle.cache.internal.DefaultFileLockManager] Waiting to acquire shared lock on daemon addresses registry.
2026-02-26T20:55:54.516+0300 [DEBUG] [org.gradle.cache.internal.DefaultFileLockManager] Lock acquired on daemon addresses registry.
2026-02-26T20:55:54.516+0300 [DEBUG] [org.gradle.cache.internal.DefaultFileLockManager] Releasing lock on daemon addresses registry.
2026-02-26T20:55:54.526+0300 [DEBUG] [org.gradle.cache.internal.DefaultFileLockManager] Waiting to acquire shared lock on daemon addresses registry.
2026-02-26T20:55:54.526+0300 [DEBUG] [org.gradle.cache.internal.DefaultFileLockManager] Lock acquired on daemon addresses registry.
2026-02-26T20:55:54.526+0300 [DEBUG] [org.gradle.cache.internal.DefaultFileLockManager] Releasing lock on daemon addresses registry.
2026-02-26T20:55:54.529+0300 [DEBUG] [org.gradle.launcher.daemon.server.Daemon] Finished periodic daemon health check.
2026-02-26T20:55:58.505+0300 [DEBUG] [org.gradle.process.internal.health.memory.DefaultMemoryManager] 1650799820 physical memory requested, 700940288 free
2026-02-26T20:55:58.505+0300 [DEBUG] [org.gradle.workers.internal.WorkerDaemonExpiration] Will attempt to release 1574 of memory
2026-02-26T20:55:58.506+0300 [DEBUG] [org.gradle.process.internal.health.memory.DefaultMemoryManager] 1650799820 physical memory requested, 0 released, 700940288 free
2026-02-26T20:56:03.504+0300 [DEBUG] [org.gradle.process.internal.health.memory.DefaultMemoryManager] 1650799820 physical memory requested, 658862080 free
2026-02-26T20:56:03.504+0300 [DEBUG] [org.gradle.workers.internal.WorkerDaemonExpiration] Will attempt to release 1574 of memory
2026-02-26T20:56:03.504+0300 [DEBUG] [org.gradle.process.internal.health.memory.DefaultMemoryManager] 1650799820 physical memory requested, 0 released, 658862080 free
2026-02-26T20:56:04.511+0300 [DEBUG] [org.gradle.launcher.daemon.server.Daemon] Starting periodic daemon health check.
2026-02-26T20:56:04.522+0300 [DEBUG] [org.gradle.cache.internal.DefaultFileLockManager] Waiting to acquire shared lock on daemon addresses registry.
2026-02-26T20:56:04.522+0300 [DEBUG] [org.gradle.cache.internal.DefaultFileLockManager] Lock acquired on daemon addresses registry.
2026-02-26T20:56:04.523+0300 [DEBUG] [org.gradle.cache.internal.DefaultFileLockManager] Releasing lock on daemon addresses registry.
2026-02-26T20:56:04.538+0300 [DEBUG] [org.gradle.cache.internal.DefaultFileLockManager] Waiting to acquire shared lock on daemon addresses registry.
2026-02-26T20:56:04.539+0300 [DEBUG] [org.gradle.cache.internal.DefaultFileLockManager] Lock acquired on daemon addresses registry.
2026-02-26T20:56:04.539+0300 [DEBUG] [org.gradle.cache.internal.DefaultFileLockManager] Releasing lock on daemon addresses registry.
2026-02-26T20:56:04.553+0300 [DEBUG] [org.gradle.launcher.daemon.server.Daemon] Finished periodic daemon health check.
